"1 _ 1",,,,,"1 _ 2",,,,,"1 _ 3",,,,
"时间","载荷","行程","引伸计1","宽度规","时间","载荷","行程","引伸计1","宽度规","时间","载荷","行程","引伸计1","宽度规"
"sec","N","mm","mm","mm","sec","N","mm","mm","mm","sec","N","mm","mm","mm"
"407","2013.349","5.000069","-.----","-1.278",,,,,,"384.5","1998.138","5.000106","-.----","-0.284"
"407.01","2013.405","5.000231","-.----","-1.278",,,,,,"384.51","1998.21","5.000281","-.----","-0.284"
"407.02","2013.429","5.0004","-.----","-1.278",,,,,,"384.52","1998.25","5.000443","-.----","-0.284"
"407.03","2013.429","5.000568","-.----","-1.278",,,,,,"384.53","1998.25","5.000612","-.----","-0.284"
"407.04","2013.453","5.000731","-.----","-1.278",,,,,,"384.54","1998.234","5.000775","-.----","-0.284"
"407.05","2013.485","5.0009","-.----","-1.278",,,,,,"384.55","1998.274","5.000944","-.----","-0.284"
"407.06","2013.461","5.001069","-.----","-1.278",,,,,,"384.56","1998.369","5.001106","-.----","-0.284"
"407.07","2013.429","5.001231","-.----","-1.278",,,,,,"384.57","1998.464","5.001268","-.----","-0.284"
"407.08","2013.413","5.0014","-.----","-1.278",,,,,,"384.58","1998.488","5.001437","-.----","-0.284"
"407.09","2013.461","5.001569","-.----","-1.278",,,,,,"384.59","1998.464","5.001606","-.----","-0.284"
"407.1","2013.5","5.001738","-.----","-1.278",,,,,,"384.6","1998.488","5.001769","-.----","-0.284"
"407.11","2013.5","5.001906","-.----","-1.278",,,,,,"384.61","1998.599","5.001937","-.----","-0.284"
"407.12","2013.477","5.002075","-.----","-1.278",,,,,,"384.62","1998.734","5.0021","-.----","-0.284"
"407.13","2013.485","5.002237","-.----","-1.278",,,,,,"384.63","1998.766","5.002269","-.----","-0.284"
"407.14","2013.58","5.002406","-.----","-1.278",,,,,,"384.64","1998.671","5.002438","-.----","-0.284"
"407.15","2013.723","5.002575","-.----","-1.278",,,,,,"384.65","1998.576","5.0026","-.----","-0.284"
"407.16","2013.842","5.002738","-.----","-1.278",,,,,,"384.66","1998.536","5.002769","-.----","-0.284"
"407.17","2013.866","5.002906","-.----","-1.278",,,,,,"384.67","1998.552","5.002931","-.----","-0.284"
"407.18","2013.81","5.003068","-.----","-1.278",,,,,,"384.68","1998.583","5.003106","-.----","-0.284"
"407.19","2013.699","5.003237","-.----","-1.278",,,,,,"384.69","1998.647","5.003275","-.----","-0.284"
"407.2","2013.628","5.003406","-.----","-1.278",,,,,,"384.7","1998.695","5.003438","-.----","-0.284"
"407.21","2013.628","5.003569","-.----","-1.278",,,,,,"384.71","1998.742","5.003606","-.----","-0.284"
"407.22","2013.667","5.003737","-.----","-1.278",,,,,,"384.72","1998.766","5.003775","-.----","-0.284"
"407.23","2013.699","5.0039","-.----","-1.278",,,,,,"384.73","1998.734","5.003943","-.----","-0.284"
"407.24","2013.699","5.004069","-.----","-1.278",,,,,,"384.74","1998.671","5.004106","-.----","-0.284"
"407.25","2013.691","5.004237","-.----","-1.278",,,,,,"384.75","1998.655","5.004275","-.----","-0.284"
"407.26","2013.691","5.004406","-.----","-1.278",,,,,,"384.76","1998.719","5.004444","-.----","-0.284"
"407.27","2013.771","5.004575","-.----","-1.278",,,,,,"384.77","1998.814","5.004612","-.----","-0.284"
"407.28","2013.882","5.004737","-.----","-1.278",,,,,,"384.78","1998.885","5.004775","-.----","-0.284"
"407.29","2013.953","5.004906","-.----","-1.278",,,,,,"384.79","1998.909","5.004944","-.----","-0.284"
"407.3","2013.953","5.005075","-.----","-1.278",,,,,,"384.8","1998.909","5.005106","-.----","-0.284"
"407.31","2013.914","5.005238","-.----","-1.278",,,,,,"384.81","1998.925","5.005275","-.----","-0.284"
"407.32","2013.914","5.005406","-.----","-1.278",,,,,,"384.82","1999.021","5.005437","-.----","-0.284"
"407.33","2013.953","5.005575","-.----","-1.278",,,,,,"384.83","1999.18","5.005606","-.----","-0.284"
"407.34","2014.025","5.005744","-.----","-1.278",,,,,,"384.84","1999.299","5.005769","-.----","-0.284"
"407.35","2014.144","5.005912","-.----","-1.278",,,,,,"384.85","1999.307","5.005938","-.----","-0.284"
"407.36","2014.263","5.006081","-.----","-1.278",,,,,,"384.86","1999.259","5.0061","-.----","-0.284"
"407.37","2014.327","5.00625","-.----","-1.278",,,,,,"384.87","1999.203","5.006269","-.----","-0.284"
"407.38","2014.287","5.006413","-.----","-1.278",,,,,,"384.88","1999.211","5.006444","-.----","-0.284"
"407.39","2014.24","5.006581","-.----","-1.278",,,,,,"384.89","1999.283","5.006606","-.----","-0.284"
"407.4","2014.255","5.00675","-.----","-1.278",,,,,,"384.9","1999.323","5.006769","-.----","-0.284"
"407.41","2014.335","5.006912","-.----","-1.278",,,,,,"384.91","1999.275","5.006938","-.----","-0.284"
"407.42","2014.399","5.007081","-.----","-1.278",,,,,,"384.92","1999.188","5.007106","-.----","-0.284"
"407.43","2014.375","5.007244","-.----","-1.278",,,,,,"384.93","1999.203","5.007275","-.----","-0.284"
"407.44","2014.303","5.007412","-.----","-1.278",,,,,,"384.94","1999.275","5.007443","-.----","-0.284"
"407.45","2014.311","5.007575","-.----","-1.278",,,,,,"384.95","1999.346","5.007612","-.----","-0.284"
"407.46","2014.383","5.007737","-.----","-1.278",,,,,,"384.96","1999.37","5.007781","-.----","-0.284"
"407.47","2014.422","5.007906","-.----","-1.278",,,,,,"384.97","1999.378","5.007944","-.----","-0.284"
"407.48","2014.375","5.008075","-.----","-1.278",,,,,,"384.98","1999.418","5.008106","-.----","-0.284"
"407.49","2014.351","5.008237","-.----","-1.278",,,,,,"384.99","1999.442","5.008275","-.----","-0.284"
"407.5","2014.399","5.008406","-.----","-1.278",,,,,,"385","1999.466","5.008444","-.----","-0.284"
"407.51","2014.478","5.008569","-.----","-1.278",,,,,,"385.01","1999.505","5.008612","-.----","-0.284"
"407.52","2014.565","5.008738","-.----","-1.278",,,,,,"385.02","1999.513","5.008775","-.----","-0.284"
"407.53","2014.637","5.0089","-.----","-1.278",,,,,,"385.03","1999.482","5.008944","-.----","-0.284"
"407.54","2014.653","5.009068","-.----","-1.278",,,,,,"385.04","1999.418","5.009106","-.----","-0.284"
"407.55","2014.589","5.009231","-.----","-1.278",,,,,,"385.05","1999.418","5.009275","-.----","-0.284"
"407.56","2014.542","5.0094","-.----","-1.278",,,,,,"385.06","1999.49","5.009438","-.----","-0.284"
"407.57","2014.565","5.009569","-.----","-1.278",,,,,,"385.07","1999.585","5.009606","-.----","-0.284"
"407.58","2014.685","5.009737","-.----","-1.278",,,,,,"385.08","1999.696","5.009768","-.----","-0.284"
"407.59","2014.804","5.009906","-.----","-1.278",,,,,,"385.09","1999.752","5.009937","-.----","-0.284"
"407.6","2014.82","5.010068","-.----","-1.278",,,,,,"385.1","1999.768","5.010106","-.----","-0.284"
"407.61","2014.772","5.010243","-.----","-1.278",,,,,,"385.11","1999.72","5.010269","-.----","-0.284"
"407.62","2014.748","5.010406","-.----","-1.278",,,,,,"385.12","1999.656","5.010437","-.----","-0.284"
"407.63","2014.82","5.010575","-.----","-1.278",,,,,,"385.13","1999.633","5.0106","-.----","-0.284"
"407.64","2014.915","5.010737","-.----","-1.278",,,,,,"385.14","1999.672","5.010768","-.----","-0.284"
"407.65","2014.963","5.010906","-.----","-1.278",,,,,,"385.15","1999.792","5.010931","-.----","-0.284"
"407.66","2014.955","5.011075","-.----","-1.278",,,,,,"385.16","1999.935","5.0111","-.----","-0.284"
"407.67","2014.931","5.011244","-.----","-1.278",,,,,,"385.17","1999.958","5.011262","-.----","-0.284"
"407.68","2014.955","5.011406","-.----","-1.278",,,,,,"385.18","1999.903","5.011437","-.----","-0.284"
"407.69","2015.034","5.011575","-.----","-1.278",,,,,,"385.19","1999.863","5.0116","-.----","-0.284"
"407.7","2015.13","5.011737","-.----","-1.278",,,,,,"385.2","1999.935","5.011769","-.----","-0.284"
"407.71","2015.201","5.011906","-.----","-1.278",,,,,,"385.21","2000.054","5.011931","-.----","-0.284"
"407.72","2015.201","5.012069","-.----","-1.278",,,,,,"385.22","2000.141","5.012106","-.----","-0.284"
"407.73","2015.193","5.012238","-.----","-1.278",,,,,,"385.23","2000.197","5.012269","-.----","-0.284"
"407.74","2015.225","5.0124","-.----","-1.278",,,,,,"385.24","2000.26","5.012437","-.----","-0.284"
"407.75","2015.265","5.012562","-.----","-1.278",,,,,,"385.25","2000.308","5.012606","-.----","-0.284"
"407.76","2015.265","5.012737","-.----","-1.278",,,,,,"385.26","2000.3","5.012775","-.----","-0.284"
"407.77","2015.265","5.012906","-.----","-1.278",,,,,,"385.27","2000.276","5.012938","-.----","-0.284"
"407.78","2015.297","5.013075","-.----","-1.278",,,,,,"385.28","2000.237","5.013106","-.----","-0.284"
"407.79","2015.313","5.013237","-.----","-1.278",,,,,,"385.29","2000.237","5.013275","-.----","-0.284"
"407.8","2015.273","5.013406","-.----","-1.278",,,,,,"385.3","2000.284","5.013437","-.----","-0.284"
"407.81","2015.217","5.013568","-.----","-1.278",,,,,,"385.31","2000.364","5.013606","-.----","-0.284"
"407.82","2015.177","5.013737","-.----","-1.278",,,,,,"385.32","2000.435","5.013769","-.----","-0.284"
"407.83","2015.169","5.013906","-.----","-1.278",,,,,,"385.33","2000.499","5.013931","-.----","-0.284"
"407.84","2015.169","5.014075","-.----","-1.278",,,,,,"385.34","2000.531","5.0141","-.----","-0.284"
"407.85","2015.193","5.014237","-.----","-1.278",,,,,,"385.35","2000.507","5.014268","-.----","-0.284"
"407.86","2015.265","5.014406","-.----","-1.278",,,,,,"385.36","2000.427","5.014431","-.----","-0.284"
"407.87","2015.376","5.014575","-.----","-1.278",,,,,,"385.37","2000.332","5.014606","-.----","-0.284"
"407.88","2015.495","5.014744","-.----","-1.278",,,,,,"385.38","2000.3","5.014775","-.----","-0.284"
"407.89","2015.567","5.014913","-.----","-1.278",,,,,,"385.39","2000.284","5.014937","-.----","-0.284"
"407.9","2015.615","5.015081","-.----","-1.278",,,,,,"385.4","2000.276","5.015106","-.----","-0.284"
"407.91","2015.638","5.015244","-.----","-1.278",,,,,,"385.41","2000.26","5.015269","-.----","-0.284"
"407.92","2015.638","5.015406","-.----","-1.278",,,,,,"385.42","2000.276","5.015438","-.----","-0.284"
"407.93","2015.638","5.015575","-.----","-1.278",,,,,,"385.43","2000.364","5.015606","-.----","-0.284"
"407.94","2015.646","5.015744","-.----","-1.278",,,,,,"385.44","2000.459","5.015775","-.----","-0.284"
"407.95","2015.662","5.015906","-.----","-1.278",,,,,,"385.45","2000.531","5.015937","-.----","-0.284"
"407.96","2015.662","5.016075","-.----","-1.278",,,,,,"385.46","2000.554","5.016112","-.----","-0.284"
"407.97","2015.646","5.016243","-.----","-1.278",,,,,,"385.47","2000.554","5.016281","-.----","-0.284"
"407.98","2015.638","5.016406","-.----","-1.278",,,,,,"385.48","2000.57","5.016444","-.----","-0.284"
"407.99","2015.615","5.016569","-.----","-1.278",,,,,,"385.49","2000.626","5.016613","-.----","-0.284"
"408","2015.599","5.016737","-.----","-1.278",,,,,,"385.5","2000.737","5.016781","-.----","-0.284"
"408.01","2015.646","5.016906","-.----","-1.278",,,,,,"385.51","2000.809","5.01695","-.----","-0.284"
"408.02","2015.75","5.017068","-.----","-1.278",,,,,,"385.52","2000.785","5.017112","-.----","-0.284"
"408.03","2015.773","5.017237","-.----","-1.278",,,,,,"385.53","2000.705","5.017281","-.----","-0.284"
"408.04","2015.726","5.0174","-.----","-1.278",,,,,,"385.54","2000.642","5.017444","-.----","-0.284"
"408.05","2015.686","5.017569","-.----","-1.278",,,,,,"385.55","2000.658","5.017612","-.----","-0.284"
"408.06","2015.71","5.017737","-.----","-1.278",,,,,,"385.56","2000.729","5.017781","-.----","-0.284"
"408.07","2015.758","5.017906","-.----","-1.278",,,,,,"385.57","2000.833","5.017937","-.----","-0.284"
"408.08","2015.797","5.018075","-.----","-1.278",,,,,,"385.58","2000.928","5.0181","-.----","-0.284"
"408.09","2015.845","5.018238","-.----","-1.278",,,,,,"385.59","2000.968","5.018275","-.----","-0.284"
"408.1","2015.877","5.018406","-.----","-1.278",,,,,,"385.6","2000.968","5.018444","-.----","-0.284"
"408.11","2015.917","5.018575","-.----","-1.278",,,,,,"385.61","2000.968","5.018606","-.----","-0.284"
"408.12","2015.972","5.018744","-.----","-1.278",,,,,,"385.62","2000.968","5.018775","-.----","-0.284"
"408.13","2016.044","5.018912","-.----","-1.278",,,,,,"385.63","2000.976","5.018938","-.----","-0.284"
"408.14","2016.107","5.019081","-.----","-1.278",,,,,,"385.64","2000.976","5.0191","-.----","-0.284"
"408.15","2016.131","5.019244","-.----","-1.278",,,,,,"385.65","2000.968","5.019269","-.----","-0.284"
"408.16","2016.147","5.019406","-.----","-1.278",,,,,,"385.66","2001","5.019431","-.----","-0.284"
"408.17","2016.147","5.019575","-.----","-1.278",,,,,,"385.67","2001.063","5.0196","-.----","-0.284"
"408.18","2016.123","5.019743","-.----","-1.278",,,,,,"385.68","2001.103","5.019769","-.----","-0.284"
"408.19","2016.123","5.019912","-.----","-1.278",,,,,,"385.69","2001.111","5.019938","-.----","-0.284"
"408.2","2016.147","5.020075","-.----","-1.278",,,,,,"385.7","2001.158","5.020106","-.----","-0.284"
"408.21","2016.195","5.020237","-.----","-1.278",,,,,,"385.71","2001.222","5.020268","-.----","-0.284"
"408.22","2016.25","5.020406","-.----","-1.278",,,,,,"385.72","2001.23","5.020437","-.----","-0.284"
"408.23","2016.298","5.020569","-.----","-1.278",,,,,,"385.73","2001.23","5.020606","-.----","-0.284"
"408.24","2016.346","5.020731","-.----","-1.278",,,,,,"385.74","2001.27","5.020775","-.----","-0.284"
"408.25","2016.37","5.0209","-.----","-1.278",,,,,,"385.75","2001.349","5.020937","-.----","-0.284"
"408.26","2016.393","5.021075","-.----","-1.278",,,,,,"385.76","2001.389","5.021106","-.----","-0.284"
"408.27","2016.409","5.021237","-.----","-1.278",,,,,,"385.77","2001.373","5.021275","-.----","-0.284"
"408.28","2016.385","5.021406","-.----","-1.278",,,,,,"385.78","2001.373","5.021444","-.----","-0.284"
"408.29","2016.338","5.021575","-.----","-1.278",,,,,,"385.79","2001.397","5.021612","-.----","-0.284"
"408.3","2016.314","5.021738","-.----","-1.278",,,,,,"385.8","2001.413","5.021775","-.----","-0.284"
"408.31","2016.338","5.021906","-.----","-1.278",,,,,,"385.81","2001.437","5.021937","-.----","-0.284"
"408.32","2016.393","5.022069","-.----","-1.278",,,,,,"385.82","2001.508","5.022106","-.----","-0.284"
"408.33","2016.473","5.022237","-.----","-1.278",,,,,,"385.83","2001.651","5.022269","-.----","-0.284"
"408.34","2016.481","5.022406","-.----","-1.278",,,,,,"385.84","2001.746","5.022438","-.----","-0.284"
"408.35","2016.457","5.022575","-.----","-1.278",,,,,,"385.85","2001.723","5.022606","-.----","-0.284"
"408.36","2016.433","5.022744","-.----","-1.278",,,,,,"385.86","2001.651","5.022768","-.----","-0.284"
"408.37","2016.441","5.022913","-.----","-1.278",,,,,,"385.87","2001.643","5.022937","-.----","-0.284"
"408.38","2016.505","5.023081","-.----","-1.278",,,,,,"385.88","2001.675","5.023106","-.----","-0.284"
"408.39","2016.568","5.02325","-.----","-1.278",,,,,,"385.89","2001.675","5.023269","-.----","-0.284"
"408.4","2016.568","5.023412","-.----","-1.278",,,,,,"385.9","2001.643","5.023438","-.----","-0.284"
"408.41","2016.568","5.023575","-.----","-1.278",,,,,,"385.91","2001.603","5.0236","-.----","-0.284"
"408.42","2016.6","5.023737","-.----","-1.278",,,,,,"385.92","2001.603","5.023775","-.----","-0.284"
"408.43","2016.664","5.023906","-.----","-1.278",,,,,,"385.93","2001.675","5.023937","-.----","-0.284"
"408.44","2016.759","5.024075","-.----","-1.278",,,,,,"385.94","2001.746","5.024106","-.----","-0.284"
"408.45","2016.838","5.024237","-.----","-1.278",,,,,,"385.95","2001.77","5.024275","-.----","-0.284"
"408.46","2016.894","5.024406","-.----","-1.278",,,,,,"385.96","2001.786","5.024437","-.----","-0.284"
"408.47","2016.854","5.024575","-.----","-1.278",,,,,,"385.97","2001.81","5.024606","-.----","-0.284"
"408.48","2016.807","5.024737","-.----","-1.278",,,,,,"385.98","2001.85","5.024775","-.----","-0.284"
"408.49","2016.783","5.024906","-.----","-1.278",,,,,,"385.99","2001.921","5.024944","-.----","-0.284"
"408.5","2016.815","5.025075","-.----","-1.278",,,,,,"386","2001.993","5.025112","-.----","-0.284"
"408.51","2016.878","5.025238","-.----","-1.278",,,,,,"386.01","2002.025","5.025281","-.----","-0.284"
"408.52","2016.926","5.025406","-.----","-1.278",,,,,,"386.02","2002.072","5.025444","-.----","-0.284"
"408.53","2016.966","5.025568","-.----","-1.278",,,,,,"386.03","2002.112","5.025606","-.----","-0.284"
"408.54","2016.974","5.025737","-.----","-1.278",,,,,,"386.04","2002.144","5.025775","-.----","-0.284"
"408.55","2017.013","5.0259","-.----","-1.278",,,,,,"386.05","2002.168","5.025944","-.----","-0.284"
"408.56","2017.045","5.026069","-.----","-1.278",,,,,,"386.06","2002.223","5.026106","-.----","-0.284"
"408.57","2017.061","5.026237","-.----","-1.278",,,,,,"386.07","2002.271","5.026275","-.----","-0.284"
"408.58","2017.037","5.026406","-.----","-1.278",,,,,,"386.08","2002.271","5.026437","-.----","-0.284"
"408.59","2017.013","5.026575","-.----","-1.278",,,,,,"386.09","2002.223","5.026606","-.----","-0.284"
"408.6","2017.037","5.026743","-.----","-1.278",,,,,,"386.1","2002.199","5.026769","-.----","-0.284"
"408.61","2017.117","5.026912","-.----","-1.278",,,,,,"386.11","2002.255","5.026937","-.----","-0.284"
"408.62","2017.188","5.027075","-.----","-1.278",,,,,,"386.12","2002.366","5.027106","-.----","-0.284"
"408.63","2017.212","5.027244","-.----","-1.278",,,,,,"386.13","2002.47","5.027268","-.----","-0.284"
"408.64","2017.212","5.027412","-.----","-1.278",,,,,,"386.14","2002.509","5.027437","-.----","-0.284"
"408.65","2017.204","5.027575","-.----","-1.278",,,,,,"386.15","2002.47","5.0276","-.----","-0.284"
"408.66","2017.18","5.027744","-.----","-1.278",,,,,,"386.16","2002.414","5.027762","-.----","-0.284"
"408.67","2017.156","5.027912","-.----","-1.278",,,,,,"386.17","2002.39","5.027937","-.----","-0.284"
"408.68","2017.14","5.028075","-.----","-1.278",,,,,,"386.18","2002.422","5.028106","-.----","-0.284"
"408.69","2017.164","5.028244","-.----","-1.278",,,,,,"386.19","2002.494","5.028275","-.----","-0.284"
"408.7","2017.212","5.028406","-.----","-1.278",,,,,,"386.2","2002.573","5.028437","-.----","-0.284"
"408.71","2017.315","5.028575","-.----","-1.278",,,,,,"386.21","2002.573","5.028606","-.----","-0.284"
"408.72","2017.434","5.028738","-.----","-1.278",,,,,,"386.22","2002.541","5.028775","-.----","-0.284"
"408.73","2017.49","5.028906","-.----","-1.278",,,,,,"386.23","2002.573","5.028944","-.----","-0.284"
"408.74","2017.434","5.029068","-.----","-1.278",,,,,,"386.24","2002.605","5.029106","-.----","-0.284"
"408.75","2017.339","5.029231","-.----","-1.278",,,,,,"386.25","2002.629","5.029275","-.----","-0.284"
"408.76","2017.299","5.029406","-.----","-1.278",,,,,,"386.26","2002.629","5.029444","-.----","-0.284"
"408.77","2017.339","5.029575","-.----","-1.278",,,,,,"386.27","2002.605","5.029613","-.----","-0.284"
"408.78","2017.395","5.029737","-.----","-1.278",,,,,,"386.28","2002.573","5.029775","-.----","-0.284"
"408.79","2017.482","5.029906","-.----","-1.278",,,,,,"386.29","2002.597","5.029943","-.----","-0.284"
"408.8","2017.554","5.030075","-.----","-1.278",,,,,,"386.3","2002.676","5.030106","-.----","-0.284"
"408.81","2017.578","5.030237","-.----","-1.278",,,,,,"386.31","2002.788","5.030275","-.----","-0.284"
"408.82","2017.578","5.030406","-.----","-1.278",,,,,,"386.32","2002.843","5.030437","-.----","-0.284"
"408.83","2017.578","5.030575","-.----","-1.278",,,,,,"386.33","2002.843","5.0306","-.----","-0.284"
"408.84","2017.585","5.030744","-.----","-1.278",,,,,,"386.34","2002.819","5.030768","-.----","-0.284"
"408.85","2017.641","5.030912","-.----","-1.278",,,,,,"386.35","2002.811","5.030931","-.----","-0.284"
"408.86","2017.649","5.031075","-.----","-1.278",,,,,,"386.36","2002.796","5.0311","-.----","-0.284"
"408.87","2017.585","5.031244","-.----","-1.278",,,,,,"386.37","2002.788","5.031269","-.----","-0.284"
"408.88","2017.514","5.031413","-.----","-1.278",,,,,,"386.38","2002.835","5.031437","-.----","-0.284"
"408.89","2017.514","5.031581","-.----","-1.278",,,,,,"386.39","2002.883","5.031606","-.----","-0.284"
"408.9","2017.578","5.031744","-.----","-1.278",,,,,,"386.4","2002.907","5.031769","-.----","-0.284"
"408.91","2017.649","5.031906","-.----","-1.278",,,,,,"386.41","2002.931","5.031938","-.----","-0.284"
"408.92","2017.689","5.032075","-.----","-1.278",,,,,,"386.42","2002.994","5.032106","-.----","-0.284"
"408.93","2017.689","5.032244","-.----","-1.278",,,,,,"386.43","2003.074","5.032275","-.----","-0.284"
"408.94","2017.673","5.032413","-.----","-1.278",,,,,,"386.44","2003.161","5.032437","-.----","-0.284"
"408.95","2017.673","5.032575","-.----","-1.278",,,,,,"386.45","2003.217","5.032606","-.----","-0.284"
"408.96","2017.721","5.032737","-.----","-1.278",,,,,,"386.46","2003.241","5.032775","-.----","-0.284"
"408.97","2017.792","5.032906","-.----","-1.278",,,,,,"386.47","2003.217","5.032944","-.----","-0.284"
"408.98","2017.84","5.033069","-.----","-1.278",,,,,,"386.48","2003.209","5.033106","-.----","-0.284"
"408.99","2017.84","5.033237","-.----","-1.278",,,,,,"386.49","2003.209","5.033275","-.----","-0.284"
"409","2017.832","5.033406","-.----","-1.278",,,,,,"386.5","2003.233","5.033443","-.----","-0.284"
"409.01","2017.88","5.033569","-.----","-1.278",,,,,,"386.51","2003.256","5.033612","-.----","-0.284"
"409.02","2017.983","5.033737","-.----","-1.278",,,,,,"386.52","2003.28","5.033775","-.----","-0.284"
"409.03","2018.046","5.0339","-.----","-1.278",,,,,,"386.53","2003.288","5.033944","-.----","-0.284"
"409.04","2018.038","5.034069","-.----","-1.278",,,,,,"386.54","2003.304","5.034106","-.----","-0.284"
"409.05","2018.015","5.034231","-.----","-1.278",,,,,,"386.55","2003.352","5.034275","-.----","-0.284"
"409.06","2018.015","5.0344","-.----","-1.278",,,,,,"386.56","2003.415","5.034437","-.----","-0.284"
"409.07","2018.062","5.034569","-.----","-1.278",,,,,,"386.57","2003.471","5.034606","-.----","-0.284"
"409.08","2018.118","5.034738","-.----","-1.278",,,,,,"386.58","2003.471","5.034769","-.----","-0.284"
"409.09","2018.15","5.034906","-.----","-1.278",,,,,,"386.59","2003.415","5.034937","-.----","-0.284"
"409.1","2018.197","5.035075","-.----","-1.278",,,,,,"386.6","2003.376","5.035106","-.----","-0.284"
"409.11","2018.237","5.035237","-.----","-1.278",,,,,,"386.61","2003.415","5.035269","-.----","-0.284"
"409.12","2018.245","5.035412","-.----","-1.278",,,,,,"386.62","2003.495","5.035438","-.----","-0.284"
"409.13","2018.213","5.035575","-.----","-1.278",,,,,,"386.63","2003.558","5.035606","-.----","-0.284"
"409.14","2018.166","5.035744","-.----","-1.278",,,,,,"386.64","2003.582","5.035769","-.----","-0.284"
"409.15","2018.126","5.035913","-.----","-1.278",,,,,,"386.65","2003.558","5.035931","-.----","-0.284"
"409.16","2018.142","5.036075","-.----","-1.278",,,,,,"386.66","2003.511","5.0361","-.----","-0.284"
"409.17","2018.174","5.036243","-.----","-1.278",,,,,,"386.67","2003.487","5.036269","-.----","-0.284"
"409.18","2018.221","5.036406","-.----","-1.278",,,,,,"386.68","2003.519","5.036438","-.----","-0.284"
"409.19","2018.245","5.036575","-.----","-1.278",,,,,,"386.69","2003.614","5.036606","-.----","-0.284"
"409.2","2018.221","5.036737","-.----","-1.278",,,,,,"386.7","2003.725","5.036775","-.----","-0.284"
"409.21","2018.174","5.036906","-.----","-1.278",,,,,,"386.71","2003.837","5.036937","-.----","-0.284"
"409.22","2018.166","5.037069","-.----","-1.278",,,,,,"386.72","2003.908","5.037106","-.----","-0.284"
"409.23","2018.237","5.037237","-.----","-1.278",,,,,,"386.73","2003.94","5.037275","-.----","-0.284"
"409.24","2018.317","5.0374","-.----","-1.278",,,,,,"386.74","2003.94","5.037444","-.----","-0.284"
"409.25","2018.388","5.037569","-.----","-1.278",,,,,,"386.75","2003.964","5.037606","-.----","-0.284"
"409.26","2018.476","5.037744","-.----","-1.278",,,,,,"386.76","2004.004","5.037775","-.----","-0.284"
"409.27","2018.595","5.037906","-.----","-1.278",,,,,,"386.77","2003.98","5.037944","-.----","-0.284"
"409.28","2018.73","5.038075","-.----","-1.278",,,,,,"386.78","2003.884","5.038112","-.----","-0.284"
"409.29","2018.793","5.038244","-.----","-1.278",,,,,,"386.79","2003.813","5.038275","-.----","-0.284"
"409.3","2018.754","5.038406","-.----","-1.278",,,,,,"386.8","2003.813","5.038444","-.----","-0.284"
"409.31","2018.69","5.038575","-.----","-1.278",,,,,,"386.81","2003.86","5.038606","-.----","-0.284"
"409.32","2018.682","5.038743","-.----","-1.278",,,,,,"386.82","2003.916","5.038775","-.----","-0.284"
"409.33","2018.754","5.038906","-.----","-1.278",,,,,,"386.83","2003.94","5.038938","-.----","-0.284"
"409.34","2018.825","5.039075","-.----","-1.278",,,,,,"386.84","2003.94","5.0391","-.----","-0.284"
"409.35","2018.841","5.039244","-.----","-1.278",,,,,,"386.85","2003.916","5.039268","-.----","-0.284"
"409.36","2018.801","5.039412","-.----","-1.278",,,,,,"386.86","2003.956","5.039431","-.----","-0.284"
"409.37","2018.754","5.039581","-.----","-1.278",,,,,,"386.87","2004.051","5.0396","-.----","-0.284"
"409.38","2018.73","5.03975","-.----","-1.278",,,,,,"386.88","2004.139","5.039775","-.----","-0.284"
"409.39","2018.762","5.039912","-.----","-1.278",,,,,,"386.89","2004.194","5.039937","-.----","-0.284"
"409.4","2018.825","5.040081","-.----","-1.278",,,,,,"386.9","2004.218","5.0401","-.----","-0.284"
"409.41","2018.873","5.040244","-.----","-1.278",,,,,,"386.91","2004.234","5.040268","-.----","-0.284"
"409.42","2018.889","5.040412","-.----","-1.278",,,,,,"386.92","2004.234","5.040437","-.----","-0.284"
"409.43","2018.873","5.040581","-.----","-1.278",,,,,,"386.93","2004.242","5.040606","-.----","-0.284"
"409.44","2018.873","5.040744","-.----","-1.278",,,,,,"386.94","2004.313","5.040775","-.----","-0.284"
"409.45","2018.921","5.040912","-.----","-1.278",,,,,,"386.95","2004.425","5.040944","-.----","-0.284"
"409.46","2018.984","5.041069","-.----","-1.278",,,,,,"386.96","2004.457","5.041106","-.----","-0.284"
"409.47","2019.008","5.041237","-.----","-1.278",,,,,,"386.97","2004.425","5.041275","-.----","-0.284"
"409.48","2019.032","5.041406","-.----","-1.278",,,,,,"386.98","2004.409","5.041444","-.----","-0.284"
"409.49","2019.056","5.041569","-.----","-1.278",,,,,,"386.99","2004.472","5.041606","-.----","-0.284"
"409.5","2019.079","5.041738","-.----","-1.278",,,,,,"387","2004.584","5.041781","-.----","-0.284"
"409.51","2019.103","5.041906","-.----","-1.278",,,,,,"387.01","2004.631","5.041944","-.----","-0.284"
"409.52","2019.103","5.042068","-.----","-1.278",,,,,,"387.02","2004.592","5.042112","-.----","-0.284"
"409.53","2019.079","5.042237","-.----","-1.278",,,,,,"387.03","2004.48","5.042275","-.----","-0.284"
"409.54","2019.079","5.0424","-.----","-1.278",,,,,,"387.04","2004.385","5.042444","-.----","-0.284"
"409.55","2019.111","5.042569","-.----","-1.278",,,,,,"387.05","2004.409","5.042606","-.----","-0.284"
"409.56","2019.175","5.042737","-.----","-1.278",,,,,,"387.06","2004.52","5.042775","-.----","-0.284"
"409.57","2019.246","5.042906","-.----","-1.278",,,,,,"387.07","2004.615","5.042937","-.----","-0.284"
"409.58","2019.286","5.043068","-.----","-1.278",,,,,,"387.08","2004.655","5.043106","-.----","-0.284"
"409.59","2019.334","5.043237","-.----","-1.278",,,,,,"387.09","2004.655","5.043275","-.----","-0.284"
"409.6","2019.405","5.043406","-.----","-1.278",,,,,,"387.1","2004.639","5.043437","-.----","-0.284"
"409.61","2019.509","5.043575","-.----","-1.278",,,,,,"387.11","2004.687","5.043606","-.----","-0.284"
"409.62","2019.564","5.043744","-.----","-1.278",,,,,,"387.12","2004.774","5.043768","-.----","-0.284"
"409.63","2019.548","5.043906","-.----","-1.278",,,,,,"387.13","2004.806","5.043937","-.----","-0.284"
"409.64","2019.485","5.044075","-.----","-1.278",,,,,,"387.14","2004.782","5.0441","-.----","-0.284"
"409.65","2019.429","5.044244","-.----","-1.278",,,,,,"387.15","2004.798","5.044269","-.----","-0.284"
"409.66","2019.453","5.044412","-.----","-1.278",,,,,,"387.16","2004.894","5.044431","-.----","-0.284"
"409.67","2019.548","5.044575","-.----","-1.278",,,,,,"387.17","2005.037","5.0446","-.----","-0.284"
"409.68","2019.644","5.044744","-.----","-1.278",,,,,,"387.18","2005.132","5.044769","-.----","-0.284"
"409.69","2019.644","5.044906","-.----","-1.278",,,,,,"387.19","2005.116","5.044938","-.----","-0.284"
"409.7","2019.588","5.045075","-.----","-1.278",,,,,,"387.2","2005.013","5.045106","-.----","-0.284"
"409.71","2019.532","5.045238","-.----","-1.278",,,,,,"387.21","2004.917","5.045269","-.----","-0.284"
"409.72","2019.572","5.0454","-.----","-1.278",,,,,,"387.22","2004.941","5.045437","-.----","-0.284"
"409.73","2019.683","5.045568","-.----","-1.278",,,,,,"387.23","2005.084","5.045606","-.----","-0.284"
"409.74","2019.731","5.045737","-.----","-1.278",,,,,,"387.24","2005.251","5.045775","-.----","-0.284"
"409.75","2019.691","5.0459","-.----","-1.278",,,,,,"387.25","2005.339","5.045944","-.----","-0.284"
"409.76","2019.66","5.046075","-.----","-1.278",,,,,,"387.26","2005.315","5.046113","-.----","-0.284"
"409.77","2019.668","5.046237","-.----","-1.278",,,,,,"387.27","2005.275","5.046275","-.----","-0.284"
"409.78","2019.731","5.046406","-.----","-1.278",,,,,,"387.28","2005.275","5.046443","-.----","-0.284"
"409.79","2019.811","5.046568","-.----","-1.278",,,,,,"387.29","2005.323","5.046612","-.----","-0.284"
"409.8","2019.882","5.046737","-.----","-1.278",,,,,,"387.3","2005.386","5.046775","-.----","-0.284"
"409.81","2019.922","5.046906","-.----","-1.278",,,,,,"387.31","2005.41","5.046937","-.----","-0.284"
"409.82","2019.962","5.047075","-.----","-1.278",,,,,,"387.32","2005.37","5.047106","-.----","-0.284"
"409.83","2020.009","5.047237","-.----","-1.278",,,,,,"387.33","2005.315","5.047268","-.----","-0.284"
"409.84","2020.033","5.047406","-.----","-1.278",,,,,,"387.34","2005.291","5.047437","-.----","-0.284"
"409.85","2019.993","5.047575","-.----","-1.278",,,,,,"387.35","2005.323","5.0476","-.----","-0.284"
"409.86","2019.898","5.047744","-.----","-1.278",,,,,,"387.36","2005.386","5.047769","-.----","-0.284"
"409.87","2019.834","5.047913","-.----","-1.278",,,,,,"387.37","2005.418","5.047937","-.----","-0.284"
"409.88","2019.85","5.048081","-.----","-1.278",,,,,,"387.38","2005.41","5.048106","-.----","-0.284"
"409.89","2019.906","5.048244","-.----","-1.278",,,,,,"387.39","2005.41","5.048275","-.----","-0.284"
"409.9","2019.962","5.048412","-.----","-1.278",,,,,,"387.4","2005.466","5.048438","-.----","-0.284"
"409.91","2020.017","5.048575","-.----","-1.278",,,,,,"387.41","2005.561","5.048606","-.----","-0.284"
"409.92","2020.081","5.048738","-.----","-1.278",,,,,,"387.42","2005.633","5.048775","-.----","-0.284"
"409.93","2020.113","5.048906","-.----","-1.278",,,,,,"387.43","2005.688","5.048944","-.----","-0.284"
"409.94","2020.113","5.049075","-.----","-1.278",,,,,,"387.44","2005.672","5.049106","-.----","-0.284"
"409.95","2020.081","5.049237","-.----","-1.278",,,,,,"387.45","2005.625","5.049275","-.----","-0.284"
"409.96","2020.033","5.049406","-.----","-1.278",,,,,,"387.46","2005.561","5.049444","-.----","-0.284"
"409.97","2020.041","5.049575","-.----","-1.278",,,,,,"387.47","2005.553","5.049613","-.----","-0.284"
"409.98","2020.129","5.049737","-.----","-1.278",,,,,,"387.48","2005.625","5.049781","-.----","-0.284"
"409.99","2020.232","5.049906","-.----","-1.278",,,,,,"387.49","2005.768","5.049943","-.----","-0.284"
"410","2020.272","5.050069","-.----","-1.278",,,,,,"387.5","2005.887","5.050112","-.----","-0.284"
"410.01","2020.256","5.050237","-.----","-1.278",,,,,,"387.51","2005.903","5.050281","-.----","-0.284"
"410.02","2020.272","5.0504","-.----","-1.278",,,,,,"387.52","2005.839","5.05045","-.----","-0.284"
"410.03","2020.335","5.050569","-.----","-1.278",,,,,,"387.53","2005.808","5.050612","-.----","-0.284"
"410.04","2020.407","5.050731","-.----","-1.278",,,,,,"387.54","2005.831","5.050775","-.----","-0.284"
"410.05","2020.438","5.050894","-.----","-1.278",,,,,,"387.55","2005.879","5.050944","-.----","-0.284"
"410.06","2020.454","5.051063","-.----","-1.278",,,,,,"387.56","2005.839","5.051112","-.----","-0.284"
"410.07","2020.486","5.051238","-.----","-1.278",,,,,,"387.57","2005.736","5.051275","-.----","-0.284"
"410.08","2020.574","5.0514","-.----","-1.278",,,,,,"387.58","2005.585","5.051437","-.----","-0.284"
"410.09","2020.605","5.051569","-.----","-1.278",,,,,,"387.59","2005.561","5.051606","-.----","-0.284"
"410.1","2020.558","5.051737","-.----","-1.278",,,,,,"387.6","2005.736","5.051775","-.----","-0.284"
"410.11","2020.462","5.051906","-.----","-1.278",,,,,,"387.61","2005.935","5.051938","-.----","-0.284"
"410.12","2020.391","5.052075","-.----","-1.278",,,,,,"387.62","2006.03","5.052106","-.----","-0.284"
"410.13","2020.367","5.052244","-.----","-1.278",,,,,,"387.63","2005.982","5.052269","-.----","-0.284"
"410.14","2020.415","5.052413","-.----","-1.278",,,,,,"387.64","2005.903","5.052437","-.----","-0.284"
"410.15","2020.51","5.052575","-.----","-1.278",,,,,,"387.65","2005.879","5.0526","-.----","-0.284"
"410.16","2020.653","5.052737","-.----","-1.278",,,,,,"387.66","2005.903","5.052769","-.----","-0.284"
"410.17","2020.764","5.052906","-.----","-1.278",,,,,,"387.67","2005.935","5.052931","-.----","-0.284"
"410.18","2020.812","5.053069","-.----","-1.278",,,,,,"387.68","2005.974","5.053106","-.----","-0.284"
"410.19","2020.756","5.053237","-.----","-1.278",,,,,,"387.69","2005.982","5.053275","-.----","-0.284"
"410.2","2020.693","5.053406","-.----","-1.278",,,,,,"387.7","2005.935","5.053437","-.----","-0.284"
"410.21","2020.733","5.053569","-.----","-1.278",,,,,,"387.71","2005.911","5.053606","-.----","-0.284"
"410.22","2020.836","5.053737","-.----","-1.278",,,,,,"387.72","2005.982","5.053775","-.----","-0.284"
"410.23","2020.907","5.0539","-.----","-1.278",,,,,,"387.73","2006.109","5.053944","-.----","-0.284"
"410.24","2020.876","5.054069","-.----","-1.278",,,,,,"387.74","2006.205","5.054106","-.----","-0.284"
"410.25","2020.78","5.054237","-.----","-1.278",,,,,,"387.75","2006.253","5.054275","-.----","-0.284"
"410.26","2020.717","5.054406","-.----","-1.278",,,,,,"387.76","2006.237","5.054437","-.----","-0.284"
"410.27","2020.74","5.054569","-.----","-1.278",,,,,,"387.77","2006.205","5.054606","-.----","-0.284"
"410.28","2020.86","5.054738","-.----","-1.278",,,,,,"387.78","2006.229","5.054775","-.----","-0.284"
"410.29","2021.003","5.054906","-.----","-1.278",,,,,,"387.79","2006.3","5.054944","-.----","-0.284"
"410.3","2021.066","5.055075","-.----","-1.278",,,,,,"387.8","2006.356","5.055106","-.----","-0.284"
"410.31","2021.019","5.055243","-.----","-1.278",,,,,,"387.81","2006.372","5.055275","-.----","-0.284"
"410.32","2020.931","5.055406","-.----","-1.278",,,,,,"387.82","2006.38","5.055438","-.----","-0.284"
"410.33","2020.899","5.055575","-.----","-1.278",,,,,,"387.83","2006.404","5.0556","-.----","-0.284"
"410.34","2020.907","5.055744","-.----","-1.278",,,,,,"387.84","2006.42","5.055768","-.----","-0.284"
"410.35","2020.979","5.055912","-.----","-1.278",,,,,,"387.85","2006.42","5.055937","-.----","-0.284"
"410.36","2021.106","5.056081","-.----","-1.278",,,,,,"387.86","2006.443","5.0561","-.----","-0.284"
"410.37","2021.162","5.056243","-.----","-1.278",,,,,,"387.87","2006.483","5.056269","-.----","-0.284"
"410.38","2021.162","5.056412","-.----","-1.278",,,,,,"387.88","2006.539","5.056437","-.----","-0.284"
"410.39","2021.154","5.056581","-.----","-1.278",,,,,,"387.89","2006.602","5.056606","-.----","-0.284"
"410.4","2021.201","5.05675","-.----","-1.278",,,,,,"387.9","2006.65","5.056768","-.----","-0.284"
"410.41","2021.273","5.056912","-.----","-1.278",,,,,,"387.91","2006.682","5.056937","-.----","-0.284"
"410.42","2021.329","5.057075","-.----","-1.278",,,,,,"387.92","2006.698","5.057106","-.----","-0.284"
"410.43","2021.392","5.057244","-.----","-1.278",,,,,,"387.93","2006.674","5.057275","-.----","-0.284"
"410.44","2021.448","5.057412","-.----","-1.278",,,,,,"387.94","2006.634","5.057437","-.----","-0.284"
"410.45","2021.448","5.057575","-.----","-1.278",,,,,,"387.95","2006.626","5.057606","-.----","-0.284"
"410.46","2021.4","5.057737","-.----","-1.278",,,,,,"387.96","2006.634","5.057775","-.----","-0.284"
"410.47","2021.392","5.057906","-.----","-1.278",,,,,,"387.97","2006.65","5.057937","-.----","-0.284"
"410.48","2021.464","5.058075","-.----","-1.278",,,,,,"387.98","2006.634","5.058106","-.----","-0.284"
"410.49","2021.535","5.058244","-.----","-1.278",,,,,,"387.99","2006.61","5.058275","-.----","-0.284"
"410.5","2021.559","5.058406","-.----","-1.278",,,,,,"388","2006.602","5.058444","-.----","-0.284"
"410.51","2021.575","5.058568","-.----","-1.278",,,,,,"388.01","2006.626","5.058612","-.----","-0.284"
"410.52","2021.575","5.058737","-.----","-1.278",,,,,,"388.02","2006.721","5.058775","-.----","-0.284"
"410.53","2021.551","5.058906","-.----","-1.278",,,,,,"388.03","2006.857","5.058944","-.----","-0.284"
"410.54","2021.488","5.059069","-.----","-1.278",,,,,,"388.04","2006.984","5.059106","-.----","-0.284"
"410.55","2021.4","5.059237","-.----","-1.278",,,,,,"388.05","2007.071","5.059275","-.----","-0.284"
"410.56","2021.352","5.059406","-.----","-1.278",,,,,,"388.06","2007.095","5.059443","-.----","-0.284"
"410.57","2021.4","5.059575","-.----","-1.278",,,,,,"388.07","2007.047","5.059606","-.----","-0.284"
"410.58","2021.527","5.059737","-.----","-1.278",,,,,,"388.08","2006.936","5.059775","-.----","-0.284"
"410.59","2021.623","5.059906","-.----","-1.278",,,,,,"388.09","2006.88","5.059937","-.----","-0.284"
"410.6","2021.654","5.060075","-.----","-1.278",,,,,,"388.1","2006.888","5.0601","-.----","-0.284"
"410.61","2021.646","5.060244","-.----","-1.278",,,,,,"388.11","2006.984","5.060268","-.----","-0.284"
"410.62","2021.623","5.060412","-.----","-1.278",,,,,,"388.12","2007.143","5.060431","-.----","-0.284"
"410.63","2021.631","5.060581","-.----","-1.278",,,,,,"388.13","2007.286","5.0606","-.----","-0.284"
"410.64","2021.718","5.060744","-.----","-1.278",,,,,,"388.14","2007.333","5.060769","-.----","-0.284"
"410.65","2021.813","5.060913","-.----","-1.278",,,,,,"388.15","2007.286","5.060931","-.----","-0.284"
"410.66","2021.885","5.061081","-.----","-1.278",,,,,,"388.16","2007.23","5.0611","-.----","-0.284"
"410.67","2021.909","5.061244","-.----","-1.278",,,,,,"388.17","2007.238","5.061263","-.----","-0.284"
"410.68","2021.885","5.061412","-.----","-1.278",,,,,,"388.18","2007.254","5.061438","-.----","-0.284"
"410.69","2021.877","5.061575","-.----","-1.278",,,,,,"388.19","2007.238","5.0616","-.----","-0.284"
"410.7","2021.885","5.061744","-.----","-1.278",,,,,,"388.2","2007.206","5.061769","-.----","-0.284"
"410.71","2021.933","5.061906","-.----","-1.278",,,,,,"388.21","2007.151","5.061937","-.----","-0.284"
"410.72","2021.98","5.062075","-.----","-1.278",,,,,,"388.22","2007.167","5.062106","-.----","-0.284"
"410.73","2022.02","5.062237","-.----","-1.278",,,,,,"388.23","2007.206","5.062269","-.----","-0.284"
"410.74","2022.044","5.0624","-.----","-1.278",,,,,,"388.24","2007.238","5.062438","-.----","-0.284"
"410.75","2022.044","5.062569","-.----","-1.278",,,,,,"388.25","2007.254","5.062606","-.----","-0.284"
"410.76","2022.004","5.062737","-.----","-1.278",,,,,,"388.26","2007.278","5.062768","-.----","-0.284"
"410.77","2022.028","5.062906","-.----","-1.278",,,,,,"388.27","2007.333","5.062937","-.----","-0.284"
"410.78","2022.123","5.063068","-.----","-1.278",,,,,,"388.28","2007.397","5.063106","-.----","-0.284"
"410.79","2022.235","5.063237","-.----","-1.278",,,,,,"388.29","2007.429","5.063275","-.----","-0.284"
"410.8","2022.243","5.063406","-.----","-1.278",,,,,,"388.3","2007.445","5.063437","-.----","-0.284"
"410.81","2022.171","5.063569","-.----","-1.278",,,,,,"388.31","2007.469","5.063606","-.----","-0.284"
"410.82","2022.123","5.063737","-.----","-1.278",,,,,,"388.32","2007.492","5.063768","-.----","-0.284"
"410.83","2022.123","5.063906","-.----","-1.278",,,,,,"388.33","2007.516","5.063931","-.----","-0.284"
"410.84","2022.147","5.064075","-.----","-1.278",,,,,,"388.34","2007.54","5.0641","-.----","-0.284"
"410.85","2022.187","5.064238","-.----","-1.278",,,,,,"388.35","2007.604","5.064262","-.----","-0.284"
"410.86","2022.219","5.064406","-.----","-1.278",,,,,,"388.36","2007.683","5.064431","-.----","-0.284"
"410.87","2022.243","5.064575","-.----","-1.278",,,,,,"388.37","2007.755","5.0646","-.----","-0.284"
"410.88","2022.274","5.064744","-.----","-1.278",,,,,,"388.38","2007.794","5.064775","-.----","-0.284"
"410.89","2022.274","5.064912","-.----","-1.278",,,,,,"388.39","2007.802","5.064938","-.----","-0.284"
"410.9","2022.243","5.065075","-.----","-1.278",,,,,,"388.4","2007.778","5.0651","-.----","-0.284"
"410.91","2022.219","5.065244","-.----","-1.278",,,,,,"388.41","2007.778","5.065269","-.----","-0.284"
"410.92","2022.258","5.065406","-.----","-1.278",,,,,,"388.42","2007.826","5.065437","-.----","-0.284"
"410.93","2022.346","5.065575","-.----","-1.278",,,,,,"388.43","2007.866","5.065606","-.----","-0.284"
"410.94","2022.433","5.065737","-.----","-1.278",,,,,,"388.44","2007.85","5.065775","-.----","-0.284"
"410.95","2022.481","5.065906","-.----","-1.278",,,,,,"388.45","2007.778","5.065938","-.----","-0.284"
"410.96","2022.529","5.066075","-.----","-1.278",,,,,,"388.46","2007.723","5.066106","-.----","-0.284"
"410.97","2022.568","5.066237","-.----","-1.278",,,,,,"388.47","2007.683","5.066275","-.----","-0.284"
"410.98","2022.552","5.0664","-.----","-1.278",,,,,,"388.48","2007.707","5.066443","-.----","-0.284"
"410.99","2022.497","5.066569","-.----","-1.278",,,,,,"388.49","2007.755","5.066606","-.----","-0.284"
"411","2022.449","5.066737","-.----","-1.278",,,,,,"388.5","2007.794","5.066781","-.----","-0.284"
"411.01","2022.449","5.0669","-.----","-1.278",,,,,,"388.51","2007.818","5.06695","-.----","-0.284"
"411.02","2022.521","5.067069","-.----","-1.278",,,,,,"388.52","2007.85","5.067119","-.----","-0.284"
"411.03","2022.616","5.067231","-.----","-1.278",,,,,,"388.53","2007.89","5.067281","-.----","-0.284"
"411.04","2022.664","5.0674","-.----","-1.278",,,,,,"388.54","2007.922","5.067444","-.----","-0.284"
"411.05","2022.624","5.067563","-.----","-1.278",,,,,,"388.55","2007.961","5.067612","-.----","-0.284"
"411.06","2022.616","5.067731","-.----","-1.278",,,,,,"388.56","2008.049","5.067775","-.----","-0.284"
"411.07","2022.656","5.067906","-.----","-1.278",,,,,,"388.57","2008.12","5.067944","-.----","-0.284"
"411.08","2022.735","5.068069","-.----","-1.278",,,,,,"388.58","2008.176","5.068106","-.----","-0.284"
"411.09","2022.831","5.068237","-.----","-1.278",,,,,,"388.59","2008.224","5.068275","-.----","-0.284"
"411.1","2022.902","5.068406","-.----","-1.278",,,,,,"388.6","2008.247","5.068444","-.----","-0.284"
"411.11","2022.926","5.068575","-.----","-1.278",,,,,,"388.61","2008.247","5.068606","-.----","-0.284"
"411.12","2022.894","5.068744","-.----","-1.278",,,,,,"388.62","2008.224","5.068769","-.----","-0.284"
"411.13","2022.823","5.068906","-.----","-1.278",,,,,,"388.63","2008.192","5.068937","-.----","-0.284"
"411.14","2022.831","5.069075","-.----","-1.278",,,,,,"388.64","2008.216","5.0691","-.----","-0.284"
"411.15","2022.926","5.069243","-.----","-1.278",,,,,,"388.65","2008.295","5.069269","-.----","-0.284"
"411.16","2022.99","5.069406","-.----","-1.278",,,,,,"388.66","2008.406","5.069431","-.----","-0.284"
"411.17","2022.942","5.069575","-.----","-1.278",,,,,,"388.67","2008.494","5.0696","-.----","-0.284"
"411.18","2022.847","5.069744","-.----","-1.278",,,,,,"388.68","2008.494","5.069768","-.----","-0.284"
"411.19","2022.807","5.069906","-.----","-1.278",,,,,,"388.69","2008.422","5.069937","-.----","-0.284"
"411.2","2022.87","5.070075","-.----","-1.278",,,,,,"388.7","2008.375","5.070106","-.----","-0.284"
"411.21","2023.013","5.070237","-.----","-1.278",,,,,,"388.71","2008.446","5.070275","-.----","-0.284"
"411.22","2023.109","5.0704","-.----","-1.278",,,,,,"388.72","2008.613","5.070444","-.----","-0.284"
"411.23","2023.109","5.070569","-.----","-1.278",,,,,,"388.73","2008.748","5.070612","-.----","-0.284"
"411.24","2023.077","5.070731","-.----","-1.278",,,,,,"388.74","2008.78","5.070775","-.----","-0.284"
"411.25","2023.109","5.0709","-.----","-1.278",,,,,,"388.75","2008.756","5.070937","-.----","-0.284"
"411.26","2023.196","5.071069","-.----","-1.278",,,,,,"388.76","2008.708","5.071106","-.----","-0.284"
"411.27","2023.22","5.071238","-.----","-1.278",,,,,,"388.77","2008.645","5.071275","-.----","-0.284"
"411.28","2023.156","5.071406","-.----","-1.278",,,,,,"388.78","2008.597","5.071444","-.----","-0.284"
"411.29","2023.101","5.071575","-.----","-1.278",,,,,,"388.79","2008.621","5.071606","-.----","-0.284"
"411.3","2023.085","5.071737","-.----","-1.278",,,,,,"388.8","2008.692","5.071775","-.----","-0.284"
"411.31","2023.125","5.071906","-.----","-1.278",,,,,,"388.81","2008.748","5.071944","-.----","-0.284"
"411.32","2023.156","5.072075","-.----","-1.278",,,,,,"388.82","2008.732","5.072106","-.----","-0.284"
"411.33","2023.204","5.072244","-.----","-1.278",,,,,,"388.83","2008.708","5.072268","-.----","-0.284"
"411.34","2023.228","5.072406","-.----","-1.278",,,,,,"388.84","2008.748","5.072437","-.----","-0.284"
"411.35","2023.228","5.072575","-.----","-1.278",,,,,,"388.85","2008.867","5.0726","-.----","-0.284"
"411.36","2023.244","5.072743","-.----","-1.278",,,,,,"388.86","2008.971","5.072769","-.----","-0.284"
"411.37","2023.244","5.072912","-.----","-1.278",,,,,,"388.87","2008.986","5.072931","-.----","-0.284"
"411.38","2023.228","5.073075","-.----","-1.278",,,,,,"388.88","2008.899","5.073106","-.----","-0.284"
"411.39","2023.244","5.073244","-.----","-1.278",,,,,,"388.89","2008.82","5.073268","-.----","-0.284"
"411.4","2023.323","5.073412","-.----","-1.278",,,,,,"388.9","2008.82","5.073437","-.----","-0.284"
"411.41","2023.435","5.073575","-.----","-1.278",,,,,,"388.91","2008.891","5.0736","-.----","-0.284"
"411.42","2023.506","5.073744","-.----","-1.278",,,,,,"388.92","2008.986","5.073769","-.----","-0.284"
"411.43","2023.522","5.073906","-.----","-1.278",,,,,,"388.93","2008.994","5.073937","-.----","-0.284"
"411.44","2023.53","5.074075","-.----","-1.278",,,,,,"388.94","2008.963","5.074106","-.----","-0.284"
"411.45","2023.546","5.074237","-.----","-1.278",,,,,,"388.95","2008.963","5.074275","-.----","-0.284"
"411.46","2023.57","5.074406","-.----","-1.278",,,,,,"388.96","2009.058","5.074437","-.----","-0.284"
"411.47","2023.602","5.074569","-.----","-1.278",,,,,,"388.97","2009.217","5.074606","-.----","-0.284"
"411.48","2023.649","5.074738","-.----","-1.278",,,,,,"388.98","2009.32","5.074775","-.----","-0.284"
"411.49","2023.689","5.0749","-.----","-1.278",,,,,,"388.99","2009.368","5.074944","-.----","-0.284"
"411.5","2023.697","5.075068","-.----","-1.278",,,,,,"389","2009.336","5.075112","-.----","-0.284"
"411.51","2023.689","5.075237","-.----","-1.278",,,,,,"389.01","2009.225","5.075281","-.----","-0.284"
"411.52","2023.665","5.0754","-.----","-1.278",,,,,,"389.02","2009.145","5.075444","-.----","-0.284"
"411.53","2023.673","5.075569","-.----","-1.278",,,,,,"389.03","2009.169","5.075606","-.----","-0.284"
"411.54","2023.737","5.075731","-.----","-1.278",,,,,,"389.04","2009.273","5.075775","-.----","-0.284"
"411.55","2023.768","5.0759","-.----","-1.278",,,,,,"389.05","2009.384","5.075937","-.----","-0.284"
"411.56","2023.737","5.076068","-.----","-1.278",,,,,,"389.06","2009.408","5.076106","-.----","-0.284"
"411.57","2023.649","5.076237","-.----","-1.278",,,,,,"389.07","2009.408","5.076269","-.----","-0.284"
"411.58","2023.625","5.076406","-.----","-1.278",,,,,,"389.08","2009.392","5.076437","-.----","-0.284"
"411.59","2023.641","5.076575","-.----","-1.278",,,,,,"389.09","2009.416","5.0766","-.----","-0.284"
"411.6","2023.697","5.076744","-.----","-1.278",,,,,,"389.1","2009.447","5.076768","-.----","-0.284"
"411.61","2023.832","5.076906","-.----","-1.278",,,,,,"389.11","2009.487","5.076937","-.----","-0.284"
"411.62","2023.975","5.077075","-.----","-1.278",,,,,,"389.12","2009.511","5.0771","-.----","-0.284"
"411.63","2024.07","5.077244","-.----","-1.278",,,,,,"389.13","2009.511","5.077269","-.----","-0.284"
"411.64","2024.086","5.077406","-.----","-1.278",,,,,,"389.14","2009.511","5.077431","-.----","-0.284"
"411.65","2024.07","5.077575","-.----","-1.278",,,,,,"389.15","2009.559","5.0776","-.----","-0.284"
"411.66","2024.094","5.077744","-.----","-1.278",,,,,,"389.16","2009.606","5.077763","-.----","-0.284"
"411.67","2024.118","5.077912","-.----","-1.278",,,,,,"389.17","2009.622","5.077931","-.----","-0.284"
"411.68","2024.11","5.078075","-.----","-1.278",,,,,,"389.18","2009.646","5.078106","-.----","-0.284"
"411.69","2024.086","5.078238","-.----","-1.278",,,,,,"389.19","2009.67","5.078269","-.----","-0.284"
"411.7","2024.039","5.078406","-.----","-1.278",,,,,,"389.2","2009.702","5.078437","-.----","-0.284"
"411.71","2023.967","5.078575","-.----","-1.278",,,,,,"389.21","2009.741","5.078606","-.----","-0.284"
"411.72","2023.951","5.078737","-.----","-1.278",,,,,,"389.22","2009.789","5.078775","-.----","-0.284"
"411.73","2023.999","5.078906","-.----","-1.278",,,,,,"389.23","2009.813","5.078938","-.----","-0.284"
"411.74","2024.086","5.079069","-.----","-1.278",,,,,,"389.24","2009.773","5.079106","-.----","-0.284"
"411.75","2024.158","5.079231","-.----","-1.278",,,,,,"389.25","2009.726","5.079275","-.----","-0.284"
"411.76","2024.221","5.079406","-.----","-1.278",,,,,,"389.26","2009.702","5.079443","-.----","-0.284"
"411.77","2024.269","5.079575","-.----","-1.278",,,,,,"389.27","2009.726","5.079612","-.----","-0.284"
"411.78","2024.325","5.079737","-.----","-1.278",,,,,,"389.28","2009.797","5.079775","-.----","-0.284"
"411.79","2024.388","5.079906","-.----","-1.278",,,,,,"389.29","2009.924","5.079937","-.----","-0.284"
"411.8","2024.388","5.080075","-.----","-1.278",,,,,,"389.3","2010.004","5.080106","-.----","-0.284"
"411.81","2024.349","5.080244","-.----","-1.278",,,,,,"389.31","2010.004","5.080269","-.----","-0.284"
"411.82","2024.277","5.080406","-.----","-1.278",,,,,,"389.32","2009.956","5.080437","-.----","-0.284"
"411.83","2024.253","5.080575","-.----","-1.278",,,,,,"389.33","2009.908","5.0806","-.----","-0.284"
"411.84","2024.317","5.080744","-.----","-1.278",,,,,,"389.34","2009.885","5.080769","-.----","-0.284"
"411.85","2024.396","5.080913","-.----","-1.278",,,,,,"389.35","2009.908","5.080931","-.----","-0.284"
"411.86","2024.436","5.081081","-.----","-1.278",,,,,,"389.36","2009.948","5.0811","-.----","-0.284"
"411.87","2024.42","5.081244","-.----","-1.278",,,,,,"389.37","2010.004","5.081269","-.----","-0.284"
"411.88","2024.42","5.081419","-.----","-1.278",,,,,,"389.38","2010.075","5.081438","-.----","-0.284"
"411.89","2024.444","5.081581","-.----","-1.278",,,,,,"389.39","2010.147","5.0816","-.----","-0.284"
"411.9","2024.468","5.08175","-.----","-1.278",,,,,,"389.4","2010.194","5.081769","-.----","-0.284"
"411.91","2024.468","5.081913","-.----","-1.278",,,,,,"389.41","2010.21","5.081937","-.----","-0.284"
"411.92","2024.46","5.082075","-.----","-1.278",,,,,,"389.42","2010.218","5.0821","-.----","-0.284"
"411.93","2024.468","5.082243","-.----","-1.278",,,,,,"389.43","2010.266","5.082269","-.----","-0.284"
"411.94","2024.508","5.082412","-.----","-1.278",,,,,,"389.44","2010.353","5.082438","-.----","-0.284"
"411.95","2024.563","5.082575","-.----","-1.278",,,,,,"389.45","2010.425","5.082606","-.----","-0.284"
"411.96","2024.619","5.082744","-.----","-1.278",,,,,,"389.46","2010.425","5.082775","-.----","-0.284"
"411.97","2024.627","5.082906","-.----","-1.278",,,,,,"389.47","2010.393","5.082937","-.----","-0.284"
"411.98","2024.674","5.083075","-.----","-1.278",,,,,,"389.48","2010.393","5.083106","-.----","-0.284"
"411.99","2024.77","5.083237","-.----","-1.278",,,,,,"389.49","2010.441","5.083275","-.----","-0.284"
"412","2024.841","5.0834","-.----","-1.278",,,,,,"389.5","2010.449","5.083444","-.----","-0.284"
"412.01","2024.881","5.083569","-.----","-1.278",,,,,,"389.51","2010.417","5.083612","-.----","-0.284"
"412.02","2024.905","5.083731","-.----","-1.278",,,,,,"389.52","2010.393","5.083781","-.----","-0.284"
"412.03","2024.969","5.0839","-.----","-1.278",,,,,,"389.53","2010.417","5.083944","-.----","-0.284"
"412.04","2024.992","5.084063","-.----","-1.278",,,,,,"389.54","2010.473","5.084106","-.----","-0.284"
"412.05","2024.953","5.084231","-.----","-1.278",,,,,,"389.55","2010.544","5.084275","-.----","-0.284"
"412.06","2024.937","5.0844","-.----","-1.278",,,,,,"389.56","2010.568","5.084437","-.----","-0.284"
"412.07","2024.992","5.084569","-.----","-1.278",,,,,,"389.57","2010.536","5.084606","-.----","-0.284"
"412.08","2025.064","5.084737","-.----","-1.278",,,,,,"389.58","2010.473","5.084769","-.----","-0.284"
"412.09","2025.12","5.0849","-.----","-1.278",,,,,,"389.59","2010.473","5.084938","-.----","-0.284"
"412.1","2025.167","5.085069","-.----","-1.278",,,,,,"389.6","2010.536","5.085106","-.----","-0.284"
"412.11","2025.231","5.085244","-.----","-1.278",,,,,,"389.61","2010.616","5.085268","-.----","-0.284"
"412.12","2025.255","5.085406","-.----","-1.278",,,,,,"389.62","2010.663","5.085437","-.----","-0.284"
"412.13","2025.263","5.085575","-.----","-1.278",,,,,,"389.63","2010.695","5.0856","-.----","-0.284"
"412.14","2025.286","5.085737","-.----","-1.278",,,,,,"389.64","2010.719","5.085769","-.----","-0.284"
"412.15","2025.326","5.085906","-.----","-1.278",,,,,,"389.65","2010.751","5.085931","-.----","-0.284"
"412.16","2025.286","5.086075","-.----","-1.278",,,,,,"389.66","2010.798","5.0861","-.----","-0.284"
"412.17","2025.215","5.086244","-.----","-1.278",,,,,,"389.67","2010.846","5.086262","-.----","-0.284"
"412.18","2025.207","5.086406","-.----","-1.278",,,,,,"389.68","2010.886","5.086437","-.----","-0.284"
"412.19","2025.255","5.086575","-.----","-1.278",,,,,,"389.69","2010.918","5.0866","-.----","-0.284"
"412.2","2025.31","5.086737","-.----","-1.278",,,,,,"389.7","2010.934","5.086769","-.----","-0.284"
"412.21","2025.374","5.086906","-.----","-1.278",,,,,,"389.71","2010.934","5.086937","-.----","-0.284"
"412.22","2025.414","5.087069","-.----","-1.278",,,,,,"389.72","2010.981","5.087106","-.----","-0.284"
"412.23","2025.422","5.087237","-.----","-1.278",,,,,,"389.73","2011.069","5.087269","-.----","-0.284"
"412.24","2025.422","5.0874","-.----","-1.278",,,,,,"389.74","2011.1","5.087437","-.----","-0.284"
"412.25","2025.445","5.087569","-.----","-1.278",,,,,,"389.75","2011.1","5.087606","-.----","-0.284"
"412.26","2025.469","5.087738","-.----","-1.278",,,,,,"389.76","2011.116","5.087775","-.----","-0.284"
"412.27","2025.517","5.087906","-.----","-1.278",,,,,,"389.77","2011.188","5.087944","-.----","-0.284"
"412.28","2025.588","5.088075","-.----","-1.278",,,,,,"389.78","2011.283","5.088112","-.----","-0.284"
"412.29","2025.676","5.088237","-.----","-1.278",,,,,,"389.79","2011.339","5.088275","-.----","-0.284"
"412.3","2025.739","5.088406","-.----","-1.278",,,,,,"389.8","2011.363","5.088438","-.----","-0.284"
"412.31","2025.763","5.088575","-.----","-1.278",,,,,,"389.81","2011.355","5.088606","-.----","-0.284"
"412.32","2025.747","5.088737","-.----","-1.278",,,,,,"389.82","2011.339","5.088775","-.----","-0.284"
"412.33","2025.724","5.088906","-.----","-1.278",,,,,,"389.83","2011.355","5.088937","-.----","-0.284"
"412.34","2025.724","5.089075","-.----","-1.278",,,,,,"389.84","2011.363","5.089106","-.----","-0.284"
"412.35","2025.763","5.089237","-.----","-1.278",,,,,,"389.85","2011.41","5.089269","-.----","-0.284"
"412.36","2025.795","5.089412","-.----","-1.278",,,,,,"389.86","2011.49","5.089431","-.----","-0.284"
"412.37","2025.811","5.089581","-.----","-1.278",,,,,,"389.87","2011.569","5.0896","-.----","-0.284"
"412.38","2025.795","5.089744","-.----","-1.278",,,,,,"389.88","2011.593","5.089775","-.----","-0.284"
"412.39","2025.795","5.089912","-.----","-1.278",,,,,,"389.89","2011.538","5.089937","-.----","-0.284"
"412.4","2025.859","5.090081","-.----","-1.278",,,,,,"389.9","2011.45","5.090106","-.----","-0.284"
"412.41","2025.914","5.090244","-.----","-1.278",,,,,,"389.91","2011.402","5.090269","-.----","-0.284"
"412.42","2025.906","5.090412","-.----","-1.278",,,,,,"389.92","2011.426","5.090437","-.----","-0.284"
"412.43","2025.843","5.090581","-.----","-1.278",,,,,,"389.93","2011.45","5.090606","-.----","-0.284"
"412.44","2025.787","5.090744","-.----","-1.278",,,,,,"389.94","2011.49","5.090775","-.----","-0.284"
"412.45","2025.771","5.090906","-.----","-1.278",,,,,,"389.95","2011.49","5.090944","-.----","-0.284"
"412.46","2025.795","5.091069","-.----","-1.278",,,,,,"389.96","2011.474","5.091106","-.----","-0.284"
"412.47","2025.835","5.091244","-.----","-1.278",,,,,,"389.97","2011.49","5.091275","-.----","-0.284"
"412.48","2025.859","5.091406","-.----","-1.278",,,,,,"389.98","2011.546","5.091444","-.----","-0.284"
"412.49","2025.859","5.091568","-.----","-1.278",,,,,,"389.99","2011.617","5.091612","-.----","-0.284"
"412.5","2025.843","5.091737","-.----","-1.278",,,,,,"390","2011.704","5.091781","-.----","-0.284"
"412.51","2025.835","5.091906","-.----","-1.278",,,,,,"390.01","2011.728","5.09195","-.----","-0.284"
"412.52","2025.89","5.092069","-.----","-1.278",,,,,,"390.02","2011.704","5.092113","-.----","-0.284"
"412.53","2026.026","5.092231","-.----","-1.278",,,,,,"390.03","2011.657","5.092281","-.----","-0.284"
"412.54","2026.137","5.0924","-.----","-1.278",,,,,,"390.04","2011.633","5.092443","-.----","-0.284"
"412.55","2026.168","5.092568","-.----","-1.278",,,,,,"390.05","2011.593","5.092612","-.----","-0.284"
"412.56","2026.161","5.092737","-.----","-1.278",,,,,,"390.06","2011.569","5.092781","-.----","-0.284"
"412.57","2026.184","5.092906","-.----","-1.278",,,,,,"390.07","2011.593","5.092944","-.----","-0.284"
"412.58","2026.256","5.093069","-.----","-1.278",,,,,,"390.08","2011.641","5.093106","-.----","-0.284"
"412.59","2026.359","5.093237","-.----","-1.278",,,,,,"390.09","2011.689","5.093268","-.----","-0.284"
"412.6","2026.455","5.093406","-.----","-1.278",,,,,,"390.1","2011.728","5.093437","-.----","-0.284"
"412.61","2026.478","5.093575","-.----","-1.278",,,,,,"390.11","2011.784","5.093606","-.----","-0.284"
"412.62","2026.431","5.093744","-.----","-1.278",,,,,,"390.12","2011.848","5.093769","-.----","-0.284"
"412.63","2026.359","5.093906","-.----","-1.278",,,,,,"390.13","2011.911","5.093937","-.----","-0.284"
"412.64","2026.312","5.094075","-.----","-1.278",,,,,,"390.14","2011.943","5.0941","-.----","-0.284"
"412.65","2026.312","5.094244","-.----","-1.278",,,,,,"390.15","2011.959","5.094263","-.----","-0.284"
"412.66","2026.383","5.094412","-.----","-1.278",,,,,,"390.16","2011.959","5.094431","-.----","-0.284"
"412.67","2026.478","5.094575","-.----","-1.278",,,,,,"390.17","2011.983","5.094594","-.----","-0.284"
"412.68","2026.518","5.094744","-.----","-1.278",,,,,,"390.18","2012.006","5.094769","-.----","-0.284"
"412.69","2026.494","5.094906","-.----","-1.278",,,,,,"390.19","2012.014","5.094937","-.----","-0.284"
"412.7","2026.47","5.095075","-.----","-1.278",,,,,,"390.2","2012.062","5.095106","-.----","-0.284"
"412.71","2026.455","5.095237","-.----","-1.278",,,,,,"390.21","2012.205","5.095275","-.----","-0.284"
"412.72","2026.47","5.095406","-.----","-1.278",,,,,,"390.22","2012.356","5.095438","-.----","-0.284"
"412.73","2026.455","5.095569","-.----","-1.278",,,,,,"390.23","2010.266","5.095575","-.----","-0.284"
"412.74","2026.455","5.095737","-.----","-1.278",,,,,,"390.24","2010.226","5.095631","-.----","-0.284"
"412.75","2026.47","5.0959","-.----","-1.278",,,,,,"390.25","2010.155","5.095663","-.----","-0.284"
"412.76","2026.51","5.096075","-.----","-1.278",,,,,,,,,,
"412.77","2026.582","5.096237","-.----","-1.278",,,,,,,,,,
"412.78","2026.661","5.096406","-.----","-1.278",,,,,,,,,,
"412.79","2026.725","5.096569","-.----","-1.278",,,,,,,,,,
"412.8","2026.725","5.096737","-.----","-1.278",,,,,,,,,,
"412.81","2026.685","5.096906","-.----","-1.278",,,,,,,,,,
"412.82","2026.637","5.097075","-.----","-1.278",,,,,,,,,,
"412.83","2026.59","5.097238","-.----","-1.278",,,,,,,,,,
"412.84","2026.582","5.097406","-.----","-1.278",,,,,,,,,,
"412.85","2026.606","5.097575","-.----","-1.278",,,,,,,,,,
"412.86","2026.661","5.097744","-.----","-1.278",,,,,,,,,,
"412.87","2026.733","5.097906","-.----","-1.278",,,,,,,,,,
"412.88","2026.796","5.098081","-.----","-1.278",,,,,,,,,,
"412.89","2026.844","5.09825","-.----","-1.278",,,,,,,,,,
"412.9","2026.908","5.098413","-.----","-1.278",,,,,,,,,,
"412.91","2026.963","5.098575","-.----","-1.278",,,,,,,,,,
"412.92","2026.931","5.098743","-.----","-1.278",,,,,,,,,,
"412.93","2026.892","5.098906","-.----","-1.278",,,,,,,,,,
"412.94","2026.931","5.099069","-.----","-1.278",,,,,,,,,,
"412.95","2027.067","5.099244","-.----","-1.278",,,,,,,,,,
"412.96","2027.21","5.099406","-.----","-1.278",,,,,,,,,,
"412.97","2027.289","5.099569","-.----","-1.278",,,,,,,,,,
"412.98","2027.273","5.099737","-.----","-1.278",,,,,,,,,,
"412.99","2027.21","5.099906","-.----","-1.278",,,,,,,,,,
"413","2027.154","5.100069","-.----","-1.278",,,,,,,,,,
"413.01","2027.154","5.100237","-.----","-1.278",,,,,,,,,,
"413.02","2027.178","5.100406","-.----","-1.278",,,,,,,,,,
"413.03","2027.202","5.100569","-.----","-1.278",,,,,,,,,,
"413.04","2027.186","5.100738","-.----","-1.278",,,,,,,,,,
"413.05","2027.162","5.1009","-.----","-1.278",,,,,,,,,,
"413.06","2027.162","5.101068","-.----","-1.278",,,,,,,,,,
"413.07","2027.178","5.101237","-.----","-1.278",,,,,,,,,,
"413.08","2027.178","5.101406","-.----","-1.278",,,,,,,,,,
"413.09","2027.202","5.101575","-.----","-1.278",,,,,,,,,,
"413.1","2027.225","5.101737","-.----","-1.278",,,,,,,,,,
"413.11","2027.225","5.101906","-.----","-1.278",,,,,,,,,,
"413.12","2027.225","5.102075","-.----","-1.278",,,,,,,,,,
"413.13","2027.249","5.102243","-.----","-1.278",,,,,,,,,,
"413.14","2027.257","5.102406","-.----","-1.278",,,,,,,,,,
"413.15","2027.289","5.102575","-.----","-1.278",,,,,,,,,,
"413.16","2027.345","5.102744","-.----","-1.278",,,,,,,,,,
"413.17","2027.416","5.102912","-.----","-1.278",,,,,,,,,,
"413.18","2027.44","5.103075","-.----","-1.278",,,,,,,,,,
"413.19","2027.432","5.103244","-.----","-1.278",,,,,,,,,,
"413.2","2027.44","5.103406","-.----","-1.278",,,,,,,,,,
"413.21","2027.488","5.103575","-.----","-1.278",,,,,,,,,,
"413.22","2027.551","5.103737","-.----","-1.278",,,,,,,,,,
"413.23","2027.551","5.1039","-.----","-1.278",,,,,,,,,,
"413.24","2027.535","5.104069","-.----","-1.278",,,,,,,,,,
"413.25","2027.559","5.104238","-.----","-1.278",,,,,,,,,,
"413.26","2027.583","5.104406","-.----","-1.278",,,,,,,,,,
"413.27","2027.535","5.104575","-.----","-1.278",,,,,,,,,,
"413.28","2027.488","5.104737","-.----","-1.278",,,,,,,,,,
"413.29","2027.527","5.104906","-.----","-1.278",,,,,,,,,,
"413.3","2027.647","5.105075","-.----","-1.278",,,,,,,,,,
"413.31","2027.766","5.105237","-.----","-1.278",,,,,,,,,,
"413.32","2027.814","5.105406","-.----","-1.278",,,,,,,,,,
"413.33","2027.766","5.105575","-.----","-1.278",,,,,,,,,,
"413.34","2027.71","5.105743","-.----","-1.278",,,,,,,,,,
"413.35","2027.694","5.105906","-.----","-1.278",,,,,,,,,,
"413.36","2027.71","5.106075","-.----","-1.278",,,,,,,,,,
"413.37","2027.718","5.106244","-.----","-1.278",,,,,,,,,,
"413.38","2027.734","5.106412","-.----","-1.278",,,,,,,,,,
"413.39","2027.806","5.106581","-.----","-1.278",,,,,,,,,,
"413.4","2027.909","5.106744","-.----","-1.278",,,,,,,,,,
"413.41","2027.996","5.106912","-.----","-1.278",,,,,,,,,,
"413.42","2028.028","5.107081","-.----","-1.278",,,,,,,,,,
"413.43","2028.06","5.107244","-.----","-1.278",,,,,,,,,,
"413.44","2028.084","5.107406","-.----","-1.278",,,,,,,,,,
"413.45","2028.092","5.107575","-.----","-1.278",,,,,,,,,,
"413.46","2028.108","5.107744","-.----","-1.278",,,,,,,,,,
"413.47","2028.139","5.107906","-.----","-1.278",,,,,,,,,,
"413.48","2028.155","5.108075","-.----","-1.278",,,,,,,,,,
"413.49","2028.116","5.108237","-.----","-1.278",,,,,,,,,,
"413.5","2028.044","5.108406","-.----","-1.278",,,,,,,,,,
"413.51","2027.98","5.108569","-.----","-1.278",,,,,,,,,,
"413.52","2028.004","5.108737","-.----","-1.278",,,,,,,,,,
"413.53","2028.092","5.108906","-.----","-1.278",,,,,,,,,,
"413.54","2028.203","5.109068","-.----","-1.278",,,,,,,,,,
"413.55","2028.259","5.109237","-.----","-1.278",,,,,,,,,,
"413.56","2028.306","5.109406","-.----","-1.278",,,,,,,,,,
"413.57","2028.346","5.109569","-.----","-1.278",,,,,,,,,,
"413.58","2028.394","5.109737","-.----","-1.278",,,,,,,,,,
"413.59","2028.441","5.109906","-.----","-1.278",,,,,,,,,,
"413.6","2028.481","5.110075","-.----","-1.278",,,,,,,,,,
"413.61","2028.465","5.110244","-.----","-1.278",,,,,,,,,,
"413.62","2028.418","5.110413","-.----","-1.278",,,,,,,,,,
"413.63","2028.378","5.110575","-.----","-1.278",,,,,,,,,,
"413.64","2028.426","5.110744","-.----","-1.278",,,,,,,,,,
"413.65","2028.584","5.110912","-.----","-1.278",,,,,,,,,,
"413.66","2028.743","5.111075","-.----","-1.278",,,,,,,,,,
"413.67","2028.831","5.111244","-.----","-1.278",,,,,,,,,,
"413.68","2028.831","5.111413","-.----","-1.278",,,,,,,,,,
"413.69","2028.791","5.111575","-.----","-1.278",,,,,,,,,,
"413.7","2028.728","5.111743","-.----","-1.278",,,,,,,,,,
"413.71","2028.68","5.111906","-.----","-1.278",,,,,,,,,,
"413.72","2028.704","5.112075","-.----","-1.278",,,,,,,,,,
"413.73","2028.767","5.112237","-.----","-1.278",,,,,,,,,,
"413.74","2028.839","5.1124","-.----","-1.278",,,,,,,,,,
"413.75","2028.902","5.112562","-.----","-1.278",,,,,,,,,,
"413.76","2028.934","5.112737","-.----","-1.278",,,,,,,,,,
"413.77","2028.95","5.112906","-.----","-1.278",,,,,,,,,,
"413.78","2028.95","5.113075","-.----","-1.278",,,,,,,,,,
"413.79","2028.91","5.113237","-.----","-1.278",,,,,,,,,,
"413.8","2028.879","5.113406","-.----","-1.278",,,,,,,,,,
"413.81","2028.863","5.113575","-.----","-1.278",,,,,,,,,,
"413.82","2028.855","5.113738","-.----","-1.278",,,,,,,,,,
"413.83","2028.863","5.113906","-.----","-1.278",,,,,,,,,,
"413.84","2028.934","5.114075","-.----","-1.278",,,,,,,,,,
"413.85","2029.045","5.114244","-.----","-1.278",,,,,,,,,,
"413.86","2029.149","5.114406","-.----","-1.278",,,,,,,,,,
"413.87","2029.196","5.114575","-.----","-1.278",,,,,,,,,,
"413.88","2029.165","5.114744","-.----","-1.278",,,,,,,,,,
"413.89","2029.093","5.114913","-.----","-1.278",,,,,,,,,,
"413.9","2029.053","5.115081","-.----","-1.278",,,,,,,,,,
"413.91","2029.125","5.115243","-.----","-1.278",,,,,,,,,,
"413.92","2029.276","5.115406","-.----","-1.278",,,,,,,,,,
"413.93","2029.379","5.115575","-.----","-1.278",,,,,,,,,,
"413.94","2029.403","5.115737","-.----","-1.278",,,,,,,,,,
"413.95","2029.347","5.115906","-.----","-1.278",,,,,,,,,,
"413.96","2029.276","5.116075","-.----","-1.278",,,,,,,,,,
"413.97","2029.252","5.116244","-.----","-1.278",,,,,,,,,,
"413.98","2029.276","5.116406","-.----","-1.278",,,,,,,,,,
"413.99","2029.308","5.116569","-.----","-1.278",,,,,,,,,,
"414","2029.355","5.116737","-.----","-1.278",,,,,,,,,,
"414.01","2029.355","5.1169","-.----","-1.278",,,,,,,,,,
"414.02","2029.3","5.117069","-.----","-1.278",,,,,,,,,,
"414.03","2029.252","5.117238","-.----","-1.278",,,,,,,,,,
"414.04","2029.236","5.1174","-.----","-1.278",,,,,,,,,,
"414.05","2029.26","5.117562","-.----","-1.278",,,,,,,,,,
"414.06","2029.332","5.117737","-.----","-1.278",,,,,,,,,,
"414.07","2029.427","5.117906","-.----","-1.278",,,,,,,,,,
"414.08","2029.49","5.118069","-.----","-1.278",,,,,,,,,,
"414.09","2029.49","5.118237","-.----","-1.278",,,,,,,,,,
"414.1","2029.498","5.1184","-.----","-1.278",,,,,,,,,,
"414.11","2029.562","5.118568","-.----","-1.278",,,,,,,,,,
"414.12","2029.649","5.118743","-.----","-1.278",,,,,,,,,,
"414.13","2029.721","5.118906","-.----","-1.278",,,,,,,,,,
"414.14","2029.753","5.119075","-.----","-1.278",,,,,,,,,,
"414.15","2029.753","5.119244","-.----","-1.278",,,,,,,,,,
"414.16","2029.753","5.119406","-.----","-1.278",,,,,,,,,,
"414.17","2029.777","5.119575","-.----","-1.278",,,,,,,,,,
"414.18","2029.816","5.119737","-.----","-1.278",,,,,,,,,,
"414.19","2029.824","5.119906","-.----","-1.278",,,,,,,,,,
"414.2","2029.769","5.120075","-.----","-1.278",,,,,,,,,,
"414.21","2029.721","5.120237","-.----","-1.278",,,,,,,,,,
"414.22","2029.753","5.120406","-.----","-1.278",,,,,,,,,,
"414.23","2029.848","5.120569","-.----","-1.278",,,,,,,,,,
"414.24","2029.936","5.120738","-.----","-1.278",,,,,,,,,,
"414.25","2029.967","5.1209","-.----","-1.278",,,,,,,,,,
"414.26","2029.943","5.121075","-.----","-1.278",,,,,,,,,,
"414.27","2029.912","5.121237","-.----","-1.278",,,,,,,,,,
"414.28","2029.896","5.121406","-.----","-1.278",,,,,,,,,,
"414.29","2029.888","5.121575","-.----","-1.278",,,,,,,,,,
"414.3","2029.848","5.121737","-.----","-1.278",,,,,,,,,,
"414.31","2029.84","5.121906","-.----","-1.278",,,,,,,,,,
"414.32","2029.888","5.122075","-.----","-1.278",,,,,,,,,,
"414.33","2029.959","5.122243","-.----","-1.278",,,,,,,,,,
"414.34","2030.055","5.122406","-.----","-1.278",,,,,,,,,,
"414.35","2030.126","5.122575","-.----","-1.278",,,,,,,,,,
"414.36","2030.102","5.122744","-.----","-1.278",,,,,,,,,,
"414.37","2030.031","5.122912","-.----","-1.278",,,,,,,,,,
"414.38","2029.967","5.123081","-.----","-1.278",,,,,,,,,,
"414.39","2029.943","5.12325","-.----","-1.278",,,,,,,,,,
"414.4","2029.967","5.123412","-.----","-1.278",,,,,,,,,,
"414.41","2030.055","5.123575","-.----","-1.278",,,,,,,,,,
"414.42","2030.166","5.123744","-.----","-1.278",,,,,,,,,,
"414.43","2030.269","5.123906","-.----","-1.278",,,,,,,,,,
"414.44","2030.381","5.124075","-.----","-1.278",,,,,,,,,,
"414.45","2030.404","5.124238","-.----","-1.278",,,,,,,,,,
"414.46","2030.333","5.124406","-.----","-1.278",,,,,,,,,,
"414.47","2030.261","5.124568","-.----","-1.278",,,,,,,,,,
"414.48","2030.269","5.124737","-.----","-1.278",,,,,,,,,,
"414.49","2030.357","5.124906","-.----","-1.278",,,,,,,,,,
"414.5","2030.428","5.125069","-.----","-1.278",,,,,,,,,,
"414.51","2030.468","5.125237","-.----","-1.278",,,,,,,,,,
"414.52","2030.476","5.125406","-.----","-1.278",,,,,,,,,,
"414.53","2030.428","5.125568","-.----","-1.278",,,,,,,,,,
"414.54","2030.396","5.125731","-.----","-1.278",,,,,,,,,,
"414.55","2030.428","5.1259","-.----","-1.278",,,,,,,,,,
"414.56","2030.547","5.126069","-.----","-1.278",,,,,,,,,,
"414.57","2030.667","5.126237","-.----","-1.278",,,,,,,,,,
"414.58","2030.706","5.126406","-.----","-1.278",,,,,,,,,,
"414.59","2030.683","5.126569","-.----","-1.278",,,,,,,,,,
"414.6","2030.635","5.126738","-.----","-1.278",,,,,,,,,,
"414.61","2030.587","5.126906","-.----","-1.278",,,,,,,,,,
"414.62","2030.587","5.127075","-.----","-1.278",,,,,,,,,,
"414.63","2030.587","5.127237","-.----","-1.278",,,,,,,,,,
"414.64","2030.587","5.127406","-.----","-1.278",,,,,,,,,,
"414.65","2030.595","5.127575","-.----","-1.278",,,,,,,,,,
"414.66","2030.635","5.127744","-.----","-1.278",,,,,,,,,,
"414.67","2030.643","5.127906","-.----","-1.278",,,,,,,,,,
"414.68","2030.619","5.128075","-.----","-1.278",,,,,,,,,,
"414.69","2030.619","5.128237","-.----","-1.278",,,,,,,,,,
"414.7","2030.659","5.128406","-.----","-1.278",,,,,,,,,,
"414.71","2030.706","5.128575","-.----","-1.278",,,,,,,,,,
"414.72","2030.778","5.128737","-.----","-1.278",,,,,,,,,,
"414.73","2030.849","5.1289","-.----","-1.278",,,,,,,,,,
"414.74","2030.873","5.129069","-.----","-1.278",,,,,,,,,,
"414.75","2030.849","5.129231","-.----","-1.278",,,,,,,,,,
"414.76","2030.826","5.1294","-.----","-1.278",,,,,,,,,,
"414.77","2030.794","5.129569","-.----","-1.278",,,,,,,,,,
"414.78","2030.778","5.129737","-.----","-1.278",,,,,,,,,,
"414.79","2030.802","5.129906","-.----","-1.278",,,,,,,,,,
"414.8","2030.865","5.130075","-.----","-1.278",,,,,,,,,,
"414.81","2030.921","5.130244","-.----","-1.278",,,,,,,,,,
"414.82","2030.985","5.130406","-.----","-1.278",,,,,,,,,,
"414.83","2031.08","5.130575","-.----","-1.278",,,,,,,,,,
"414.84","2031.199","5.130744","-.----","-1.278",,,,,,,,,,
"414.85","2031.271","5.130906","-.----","-1.278",,,,,,,,,,
"414.86","2031.263","5.131075","-.----","-1.278",,,,,,,,,,
"414.87","2031.223","5.131244","-.----","-1.278",,,,,,,,,,
"414.88","2031.199","5.131413","-.----","-1.278",,,,,,,,,,
"414.89","2031.199","5.131581","-.----","-1.278",,,,,,,,,,
"414.9","2031.223","5.13175","-.----","-1.278",,,,,,,,,,
"414.91","2031.263","5.131912","-.----","-1.278",,,,,,,,,,
"414.92","2031.295","5.132075","-.----","-1.278",,,,,,,,,,
"414.93","2031.318","5.132244","-.----","-1.278",,,,,,,,,,
"414.94","2031.342","5.132406","-.----","-1.278",,,,,,,,,,
"414.95","2031.39","5.132575","-.----","-1.278",,,,,,,,,,
"414.96","2031.398","5.132737","-.----","-1.278",,,,,,,,,,
"414.97","2031.414","5.132906","-.----","-1.278",,,,,,,,,,
"414.98","2031.422","5.133075","-.----","-1.278",,,,,,,,,,
"414.99","2031.461","5.133237","-.----","-1.278",,,,,,,,,,
"415","2031.485","5.1334","-.----","-1.278",,,,,,,,,,
"415.01","2031.485","5.133569","-.----","-1.278",,,,,,,,,,
"415.02","2031.509","5.133738","-.----","-1.278",,,,,,,,,,
"415.03","2031.557","5.1339","-.----","-1.278",,,,,,,,,,
"415.04","2031.597","5.134068","-.----","-1.278",,,,,,,,,,
"415.05","2031.604","5.134231","-.----","-1.278",,,,,,,,,,
"415.06","2031.604","5.1344","-.----","-1.278",,,,,,,,,,
"415.07","2031.628","5.134569","-.----","-1.278",,,,,,,,,,
"415.08","2031.652","5.134737","-.----","-1.278",,,,,,,,,,
"415.09","2031.692","5.1349","-.----","-1.278",,,,,,,,,,
"415.1","2031.74","5.135068","-.----","-1.278",,,,,,,,,,
"415.11","2031.748","5.135237","-.----","-1.278",,,,,,,,,,
"415.12","2031.771","5.135406","-.----","-1.278",,,,,,,,,,
"415.13","2031.795","5.135575","-.----","-1.278",,,,,,,,,,
"415.14","2031.771","5.135744","-.----","-1.278",,,,,,,,,,
"415.15","2031.716","5.135912","-.----","-1.278",,,,,,,,,,
"415.16","2031.716","5.136075","-.----","-1.278",,,,,,,,,,
"415.17","2031.811","5.136244","-.----","-1.278",,,,,,,,,,
"415.18","2031.906","5.136406","-.----","-1.278",,,,,,,,,,
"415.19","2031.93","5.136575","-.----","-1.278",,,,,,,,,,
"415.2","2031.93","5.136737","-.----","-1.278",,,,,,,,,,
"415.21","2032.002","5.136906","-.----","-1.278",,,,,,,,,,
"415.22","2032.161","5.137069","-.----","-1.278",,,,,,,,,,
"415.23","2032.288","5.137238","-.----","-1.278",,,,,,,,,,
"415.24","2032.304","5.1374","-.----","-1.278",,,,,,,,,,
"415.25","2032.24","5.137568","-.----","-1.278",,,,,,,,,,
"415.26","2032.169","5.137737","-.----","-1.278",,,,,,,,,,
"415.27","2032.113","5.137906","-.----","-1.278",,,,,,,,,,
"415.28","2032.073","5.138075","-.----","-1.278",,,,,,,,,,
"415.29","2032.097","5.138237","-.----","-1.278",,,,,,,,,,
"415.3","2032.185","5.138406","-.----","-1.278",,,,,,,,,,
"415.31","2032.264","5.138575","-.----","-1.278",,,,,,,,,,
"415.32","2032.304","5.138737","-.----","-1.278",,,,,,,,,,
"415.33","2032.288","5.138906","-.----","-1.278",,,,,,,,,,
"415.34","2032.28","5.139075","-.----","-1.278",,,,,,,,,,
"415.35","2032.32","5.139244","-.----","-1.278",,,,,,,,,,
"415.36","2032.351","5.139412","-.----","-1.278",,,,,,,,,,
"415.37","2032.399","5.139575","-.----","-1.278",,,,,,,,,,
"415.38","2032.447","5.139744","-.----","-1.278",,,,,,,,,,
"415.39","2032.487","5.139913","-.----","-1.278",,,,,,,,,,
"415.4","2032.463","5.140081","-.----","-1.278",,,,,,,,,,
"415.41","2032.439","5.140244","-.----","-1.278",,,,,,,,,,
"415.42","2032.423","5.140412","-.----","-1.278",,,,,,,,,,
"415.43","2032.447","5.140575","-.----","-1.278",,,,,,,,,,
"415.44","2032.463","5.140744","-.----","-1.278",,,,,,,,,,
"415.45","2032.471","5.140906","-.----","-1.278",,,,,,,,,,
"415.46","2032.534","5.141075","-.----","-1.278",,,,,,,,,,
"415.47","2032.638","5.141243","-.----","-1.278",,,,,,,,,,
"415.48","2032.741","5.141406","-.----","-1.278",,,,,,,,,,
"415.49","2032.797","5.141569","-.----","-1.278",,,,,,,,,,
"415.5","2032.797","5.141737","-.----","-1.278",,,,,,,,,,
"415.51","2032.765","5.141906","-.----","-1.278",,,,,,,,,,
"415.52","2032.741","5.142068","-.----","-1.278",,,,,,,,,,
"415.53","2032.725","5.142237","-.----","-1.278",,,,,,,,,,
"415.54","2032.717","5.1424","-.----","-1.278",,,,,,,,,,
"415.55","2032.725","5.142569","-.----","-1.278",,,,,,,,,,
"415.56","2032.741","5.142737","-.----","-1.278",,,,,,,,,,
"415.57","2032.725","5.142906","-.----","-1.278",,,,,,,,,,
"415.58","2032.661","5.143075","-.----","-1.278",,,,,,,,,,
"415.59","2032.582","5.143244","-.----","-1.278",,,,,,,,,,
"415.6","2032.582","5.143413","-.----","-1.278",,,,,,,,,,
"415.61","2032.693","5.143581","-.----","-1.278",,,,,,,,,,
"415.62","2032.789","5.143744","-.----","-1.278",,,,,,,,,,
"415.63","2032.797","5.143912","-.----","-1.278",,,,,,,,,,
"415.64","2032.773","5.144075","-.----","-1.278",,,,,,,,,,
"415.65","2032.797","5.144244","-.----","-1.278",,,,,,,,,,
"415.66","2032.86","5.144413","-.----","-1.278",,,,,,,,,,
"415.67","2032.916","5.144581","-.----","-1.278",,,,,,,,,,
"415.68","2032.963","5.144743","-.----","-1.278",,,,,,,,,,
"415.69","2033.003","5.144912","-.----","-1.278",,,,,,,,,,
"415.7","2033.011","5.145075","-.----","-1.278",,,,,,,,,,
"415.71","2033.027","5.145244","-.----","-1.278",,,,,,,,,,
"415.72","2033.035","5.145406","-.----","-1.278",,,,,,,,,,
"415.73","2033.091","5.145575","-.----","-1.278",,,,,,,,,,
"415.74","2033.17","5.145737","-.----","-1.278",,,,,,,,,,
"415.75","2033.281","5.1459","-.----","-1.278",,,,,,,,,,
"415.76","2033.353","5.146069","-.----","-1.278",,,,,,,,,,
"415.77","2033.353","5.146237","-.----","-1.278",,,,,,,,,,
"415.78","2033.329","5.146406","-.----","-1.278",,,,,,,,,,
"415.79","2033.305","5.146569","-.----","-1.278",,,,,,,,,,
"415.8","2033.289","5.146738","-.----","-1.278",,,,,,,,,,
"415.81","2033.313","5.146906","-.----","-1.278",,,,,,,,,,
"415.82","2033.353","5.147075","-.----","-1.278",,,,,,,,,,
"415.83","2033.337","5.147237","-.----","-1.278",,,,,,,,,,
"415.84","2033.281","5.147406","-.----","-1.278",,,,,,,,,,
"415.85","2033.234","5.147575","-.----","-1.278",,,,,,,,,,
"415.86","2033.234","5.147744","-.----","-1.278",,,,,,,,,,
"415.87","2033.313","5.147906","-.----","-1.278",,,,,,,,,,
"415.88","2033.464","5.148081","-.----","-1.278",,,,,,,,,,
"415.89","2033.512","5.148243","-.----","-1.278",,,,,,,,,,
"415.9","2033.424","5.148412","-.----","-1.278",,,,,,,,,,
"415.91","2033.329","5.148575","-.----","-1.278",,,,,,,,,,
"415.92","2033.313","5.148737","-.----","-1.278",,,,,,,,,,
"415.93","2033.377","5.148906","-.----","-1.278",,,,,,,,,,
"415.94","2033.448","5.149075","-.----","-1.278",,,,,,,,,,
"415.95","2033.488","5.149237","-.----","-1.278",,,,,,,,,,
"415.96","2033.488","5.149406","-.----","-1.278",,,,,,,,,,
"415.97","2033.448","5.149575","-.----","-1.278",,,,,,,,,,
"415.98","2033.448","5.149737","-.----","-1.278",,,,,,,,,,
"415.99","2033.52","5.1499","-.----","-1.278",,,,,,,,,,
"416","2033.607","5.150069","-.----","-1.278",,,,,,,,,,
"416.01","2033.615","5.150238","-.----","-1.278",,,,,,,,,,
"416.02","2033.559","5.1504","-.----","-1.278",,,,,,,,,,
"416.03","2033.488","5.150568","-.----","-1.278",,,,,,,,,,
"416.04","2033.488","5.150731","-.----","-1.278",,,,,,,,,,
"416.05","2033.536","5.1509","-.----","-1.278",,,,,,,,,,
"416.06","2033.607","5.151069","-.----","-1.278",,,,,,,,,,
"416.07","2033.663","5.151237","-.----","-1.278",,,,,,,,,,
"416.08","2033.687","5.151406","-.----","-1.278",,,,,,,,,,
"416.09","2033.71","5.151568","-.----","-1.278",,,,,,,,,,
"416.1","2033.71","5.151737","-.----","-1.278",,,,,,,,,,
"416.11","2033.71","5.151906","-.----","-1.278",,,,,,,,,,
"416.12","2033.758","5.152075","-.----","-1.278",,,,,,,,,,
"416.13","2033.861","5.152244","-.----","-1.278",,,,,,,,,,
"416.14","2033.957","5.152412","-.----","-1.278",,,,,,,,,,
"416.15","2033.981","5.152581","-.----","-1.278",,,,,,,,,,
"416.16","2033.965","5.152744","-.----","-1.278",,,,,,,,,,
"416.17","2033.981","5.152912","-.----","-1.278",,,,,,,,,,
"416.18","2034.036","5.153075","-.----","-1.278",,,,,,,,,,
"416.19","2034.124","5.153244","-.----","-1.278",,,,,,,,,,
"416.2","2034.171","5.153406","-.----","-1.278",,,,,,,,,,
"416.21","2034.132","5.153569","-.----","-1.278",,,,,,,,,,
"416.22","2034.084","5.153738","-.----","-1.278",,,,,,,,,,
"416.23","2034.1","5.1539","-.----","-1.278",,,,,,,,,,
"416.24","2034.195","5.154062","-.----","-1.278",,,,,,,,,,
"416.25","2034.291","5.154237","-.----","-1.278",,,,,,,,,,
"416.26","2034.314","5.154406","-.----","-1.278",,,,,,,,,,
"416.27","2034.291","5.154569","-.----","-1.278",,,,,,,,,,
"416.28","2034.259","5.154737","-.----","-1.278",,,,,,,,,,
"416.29","2034.267","5.154906","-.----","-1.278",,,,,,,,,,
"416.3","2034.338","5.155075","-.----","-1.278",,,,,,,,,,
"416.31","2034.434","5.155237","-.----","-1.278",,,,,,,,,,
"416.32","2034.529","5.155406","-.----","-1.278",,,,,,,,,,
"416.33","2034.593","5.155575","-.----","-1.278",,,,,,,,,,
"416.34","2034.601","5.155744","-.----","-1.278",,,,,,,,,,
"416.35","2034.616","5.155912","-.----","-1.278",,,,,,,,,,
"416.36","2034.656","5.156075","-.----","-1.278",,,,,,,,,,
"416.37","2034.68","5.156244","-.----","-1.278",,,,,,,,,,
"416.38","2034.64","5.156413","-.----","-1.278",,,,,,,,,,
"416.39","2034.577","5.156581","-.----","-1.278",,,,,,,,,,
"416.4","2034.521","5.156744","-.----","-1.278",,,,,,,,,,
"416.41","2034.505","5.156912","-.----","-1.278",,,,,,,,,,
"416.42","2034.545","5.157081","-.----","-1.278",,,,,,,,,,
"416.43","2034.601","5.157244","-.----","-1.278",,,,,,,,,,
"416.44","2034.656","5.157413","-.----","-1.278",,,,,,,,,,
"416.45","2034.712","5.157575","-.----","-1.278",,,,,,,,,,
"416.46","2034.775","5.157743","-.----","-1.278",,,,,,,,,,
"416.47","2034.807","5.157906","-.----","-1.278",,,,,,,,,,
"416.48","2034.807","5.158075","-.----","-1.278",,,,,,,,,,
"416.49","2034.775","5.158237","-.----","-1.278",,,,,,,,,,
"416.5","2034.752","5.158406","-.----","-1.278",,,,,,,,,,
"416.51","2034.775","5.158568","-.----","-1.278",,,,,,,,,,
"416.52","2034.823","5.158737","-.----","-1.278",,,,,,,,,,
"416.53","2034.855","5.1589","-.----","-1.278",,,,,,,,,,
"416.54","2034.831","5.159069","-.----","-1.278",,,,,,,,,,
"416.55","2034.752","5.159231","-.----","-1.278",,,,,,,,,,
"416.56","2034.704","5.159406","-.----","-1.278",,,,,,,,,,
"416.57","2034.728","5.159575","-.----","-1.278",,,,,,,,,,
"416.58","2034.799","5.159738","-.----","-1.278",,,,,,,,,,
"416.59","2034.895","5.159906","-.----","-1.278",,,,,,,,,,
"416.6","2034.942","5.160075","-.----","-1.278",,,,,,,,,,
"416.61","2034.926","5.160244","-.----","-1.278",,,,,,,,,,
"416.62","2034.903","5.160406","-.----","-1.278",,,,,,,,,,
"416.63","2034.926","5.160575","-.----","-1.278",,,,,,,,,,
"416.64","2034.95","5.160744","-.----","-1.278",,,,,,,,,,
"416.65","2034.942","5.160913","-.----","-1.278",,,,,,,,,,
"416.66","2034.918","5.161075","-.----","-1.278",,,,,,,,,,
"416.67","2034.926","5.161243","-.----","-1.278",,,,,,,,,,
"416.68","2035.006","5.161412","-.----","-1.278",,,,,,,,,,
"416.69","2035.101","5.161575","-.----","-1.278",,,,,,,,,,
"416.7","2035.205","5.161744","-.----","-1.278",,,,,,,,,,
"416.71","2035.228","5.161906","-.----","-1.278",,,,,,,,,,
"416.72","2035.173","5.162069","-.----","-1.278",,,,,,,,,,
"416.73","2035.054","5.162237","-.----","-1.278",,,,,,,,,,
"416.74","2034.974","5.162406","-.----","-1.278",,,,,,,,,,
"416.75","2034.99","5.162569","-.----","-1.278",,,,,,,,,,
"416.76","2035.109","5.162744","-.----","-1.278",,,,,,,,,,
"416.77","2035.252","5.162906","-.----","-1.278",,,,,,,,,,
"416.78","2035.34","5.163075","-.----","-1.278",,,,,,,,,,
"416.79","2035.316","5.163244","-.----","-1.278",,,,,,,,,,
"416.8","2035.276","5.163406","-.----","-1.278",,,,,,,,,,
"416.81","2035.3","5.163575","-.----","-1.278",,,,,,,,,,
"416.82","2035.411","5.163743","-.----","-1.278",,,,,,,,,,
"416.83","2035.554","5.163912","-.----","-1.278",,,,,,,,,,
"416.84","2035.673","5.164075","-.----","-1.278",,,,,,,,,,
"416.85","2035.745","5.164244","-.----","-1.278",,,,,,,,,,
"416.86","2035.769","5.164412","-.----","-1.278",,,,,,,,,,
"416.87","2035.769","5.164581","-.----","-1.278",,,,,,,,,,
"416.88","2035.705","5.16475","-.----","-1.278",,,,,,,,,,
"416.89","2035.594","5.164912","-.----","-1.278",,,,,,,,,,
"416.9","2035.53","5.165081","-.----","-1.278",,,,,,,,,,
"416.91","2035.57","5.165244","-.----","-1.278",,,,,,,,,,
"416.92","2035.658","5.165412","-.----","-1.278",,,,,,,,,,
"416.93","2035.705","5.165575","-.----","-1.278",,,,,,,,,,
"416.94","2035.697","5.165744","-.----","-1.278",,,,,,,,,,
"416.95","2035.65","5.165912","-.----","-1.278",,,,,,,,,,
"416.96","2035.634","5.166075","-.----","-1.278",,,,,,,,,,
"416.97","2035.681","5.166244","-.----","-1.278",,,,,,,,,,
"416.98","2035.817","5.166406","-.----","-1.278",,,,,,,,,,
"416.99","2035.96","5.166569","-.----","-1.278",,,,,,,,,,
"417","2036.031","5.166738","-.----","-1.278",,,,,,,,,,
"417.01","2036.007","5.1669","-.----","-1.278",,,,,,,,,,
"417.02","2035.928","5.167068","-.----","-1.278",,,,,,,,,,
"417.03","2035.88","5.167231","-.----","-1.278",,,,,,,,,,
"417.04","2035.936","5.1674","-.----","-1.278",,,,,,,,,,
"417.05","2036.023","5.167562","-.----","-1.278",,,,,,,,,,
"417.06","2036.047","5.167731","-.----","-1.278",,,,,,,,,,
"417.07","2036.031","5.167906","-.----","-1.278",,,,,,,,,,
"417.08","2036.047","5.168068","-.----","-1.278",,,,,,,,,,
"417.09","2036.071","5.168237","-.----","-1.278",,,,,,,,,,
"417.1","2036.079","5.168406","-.----","-1.278",,,,,,,,,,
"417.11","2036.079","5.168575","-.----","-1.278",,,,,,,,,,
"417.12","2036.119","5.168744","-.----","-1.278",,,,,,,,,,
"417.13","2036.166","5.168906","-.----","-1.278",,,,,,,,,,
"417.14","2036.182","5.169075","-.----","-1.278",,,,,,,,,,
"417.15","2036.119","5.169244","-.----","-1.278",,,,,,,,,,
"417.16","2036.079","5.169412","-.----","-1.278",,,,,,,,,,
"417.17","2036.126","5.169575","-.----","-1.278",,,,,,,,,,
"417.18","2036.238","5.169744","-.----","-1.278",,,,,,,,,,
"417.19","2036.333","5.169906","-.----","-1.278",,,,,,,,,,
"417.2","2036.349","5.170075","-.----","-1.278",,,,,,,,,,
"417.21","2036.285","5.170238","-.----","-1.278",,,,,,,,,,
"417.22","2036.23","5.170406","-.----","-1.278",,,,,,,,,,
"417.23","2036.214","5.170568","-.----","-1.278",,,,,,,,,,
"417.24","2036.285","5.170737","-.----","-1.278",,,,,,,,,,
"417.25","2036.428","5.170906","-.----","-1.278",,,,,,,,,,
"417.26","2036.516","5.171075","-.----","-1.278",,,,,,,,,,
"417.27","2036.524","5.171237","-.----","-1.278",,,,,,,,,,
"417.28","2036.5","5.171406","-.----","-1.278",,,,,,,,,,
"417.29","2036.54","5.171575","-.----","-1.278",,,,,,,,,,
"417.3","2036.603","5.171737","-.----","-1.278",,,,,,,,,,
"417.31","2036.611","5.171906","-.----","-1.278",,,,,,,,,,
"417.32","2036.587","5.172075","-.----","-1.278",,,,,,,,,,
"417.33","2036.579","5.172244","-.----","-1.278",,,,,,,,,,
"417.34","2036.627","5.172406","-.----","-1.278",,,,,,,,,,
"417.35","2036.675","5.172575","-.----","-1.278",,,,,,,,,,
"417.36","2036.723","5.172744","-.----","-1.278",,,,,,,,,,
"417.37","2036.707","5.172913","-.----","-1.278",,,,,,,,,,
"417.38","2036.651","5.173081","-.----","-1.278",,,,,,,,,,
"417.39","2036.635","5.17325","-.----","-1.278",,,,,,,,,,
"417.4","2036.723","5.173412","-.----","-1.278",,,,,,,,,,
"417.41","2036.818","5.173581","-.----","-1.278",,,,,,,,,,
"417.42","2036.866","5.173744","-.----","-1.278",,,,,,,,,,
"417.43","2036.842","5.173906","-.----","-1.278",,,,,,,,,,
"417.44","2036.754","5.174075","-.----","-1.278",,,,,,,,,,
"417.45","2036.746","5.174237","-.----","-1.278",,,,,,,,,,
"417.46","2036.842","5.174406","-.----","-1.278",,,,,,,,,,
"417.47","2036.985","5.174575","-.----","-1.278",,,,,,,,,,
"417.48","2037.096","5.174737","-.----","-1.278",,,,,,,,,,
"417.49","2037.12","5.174906","-.----","-1.278",,,,,,,,,,
"417.5","2037.072","5.175069","-.----","-1.278",,,,,,,,,,
"417.51","2037.032","5.175237","-.----","-1.278",,,,,,,,,,
"417.52","2037.056","5.1754","-.----","-1.278",,,,,,,,,,
"417.53","2037.12","5.175569","-.----","-1.278",,,,,,,,,,
"417.54","2037.176","5.175731","-.----","-1.278",,,,,,,,,,
"417.55","2037.215","5.1759","-.----","-1.278",,,,,,,,,,
"417.56","2037.239","5.176069","-.----","-1.278",,,,,,,,,,
"417.57","2037.263","5.176238","-.----","-1.278",,,,,,,,,,
"417.58","2037.271","5.176406","-.----","-1.278",,,,,,,,,,
"417.59","2037.263","5.176575","-.----","-1.278",,,,,,,,,,
"417.6","2037.239","5.176744","-.----","-1.278",,,,,,,,,,
"417.61","2037.239","5.176912","-.----","-1.278",,,,,,,,,,
"417.62","2037.223","5.177081","-.----","-1.278",,,,,,,,,,
"417.63","2037.223","5.177244","-.----","-1.278",,,,,,,,,,
"417.64","2037.239","5.177406","-.----","-1.278",,,,,,,,,,
"417.65","2037.295","5.177575","-.----","-1.278",,,,,,,,,,
"417.66","2037.406","5.177743","-.----","-1.278",,,,,,,,,,
"417.67","2037.517","5.177912","-.----","-1.278",,,,,,,,,,
"417.68","2037.597","5.178075","-.----","-1.278",,,,,,,,,,
"417.69","2037.644","5.178244","-.----","-1.278",,,,,,,,,,
"417.7","2037.621","5.178406","-.----","-1.278",,,,,,,,,,
"417.71","2037.517","5.178569","-.----","-1.278",,,,,,,,,,
"417.72","2037.374","5.178737","-.----","-1.278",,,,,,,,,,
"417.73","2037.263","5.178906","-.----","-1.278",,,,,,,,,,
"417.74","2037.239","5.179069","-.----","-1.278",,,,,,,,,,
"417.75","2037.327","5.179237","-.----","-1.278",,,,,,,,,,
"417.76","2037.478","5.179406","-.----","-1.278",,,,,,,,,,
"417.77","2037.621","5.179575","-.----","-1.278",,,,,,,,,,
"417.78","2037.668","5.179738","-.----","-1.278",,,,,,,,,,
"417.79","2037.66","5.179906","-.----","-1.278",,,,,,,,,,
"417.8","2037.636","5.180075","-.----","-1.278",,,,,,,,,,
"417.81","2037.613","5.180243","-.----","-1.278",,,,,,,,,,
"417.82","2037.589","5.180412","-.----","-1.278",,,,,,,,,,
"417.83","2037.565","5.180575","-.----","-1.278",,,,,,,,,,
"417.84","2037.549","5.180744","-.----","-1.278",,,,,,,,,,
"417.85","2037.565","5.180906","-.----","-1.278",,,,,,,,,,
"417.86","2037.597","5.181075","-.----","-1.278",,,,,,,,,,
"417.87","2037.636","5.181243","-.----","-1.278",,,,,,,,,,
"417.88","2037.66","5.181418","-.----","-1.278",,,,,,,,,,
"417.89","2037.684","5.181581","-.----","-1.278",,,,,,,,,,
"417.9","2037.692","5.181744","-.----","-1.278",,,,,,,,,,
"417.91","2037.66","5.181912","-.----","-1.278",,,,,,,,,,
"417.92","2037.66","5.182075","-.----","-1.278",,,,,,,,,,
"417.93","2037.708","5.182244","-.----","-1.278",,,,,,,,,,
"417.94","2037.771","5.182412","-.----","-1.278",,,,,,,,,,
"417.95","2037.771","5.182575","-.----","-1.278",,,,,,,,,,
"417.96","2037.748","5.182744","-.----","-1.278",,,,,,,,,,
"417.97","2037.756","5.182906","-.----","-1.278",,,,,,,,,,
"417.98","2037.843","5.183075","-.----","-1.278",,,,,,,,,,
"417.99","2037.97","5.183244","-.----","-1.278",,,,,,,,,,
"418","2038.097","5.183406","-.----","-1.278",,,,,,,,,,
"418.01","2038.169","5.183568","-.----","-1.278",,,,,,,,,,
"418.02","2038.193","5.183737","-.----","-1.278",,,,,,,,,,
"418.03","2038.193","5.1839","-.----","-1.278",,,,,,,,,,
"418.04","2038.201","5.184069","-.----","-1.278",,,,,,,,,,
"418.05","2038.24","5.184237","-.----","-1.278",,,,,,,,,,
"418.06","2038.288","5.184406","-.----","-1.278",,,,,,,,,,
"418.07","2038.312","5.184575","-.----","-1.278",,,,,,,,,,
"418.08","2038.272","5.184737","-.----","-1.278",,,,,,,,,,
"418.09","2038.24","5.184906","-.----","-1.278",,,,,,,,,,
"418.1","2038.201","5.185075","-.----","-1.278",,,,,,,,,,
"418.11","2038.224","5.185244","-.----","-1.278",,,,,,,,,,
"418.12","2038.288","5.185412","-.----","-1.278",,,,,,,,,,
"418.13","2038.32","5.185575","-.----","-1.278",,,,,,,,,,
"418.14","2038.312","5.185744","-.----","-1.278",,,,,,,,,,
"418.15","2038.272","5.185912","-.----","-1.278",,,,,,,,,,
"418.16","2038.224","5.186081","-.----","-1.278",,,,,,,,,,
"418.17","2038.24","5.186244","-.----","-1.278",,,,,,,,,,
"418.18","2038.312","5.186412","-.----","-1.278",,,,,,,,,,
"418.19","2038.431","5.186575","-.----","-1.278",,,,,,,,,,
"418.2","2038.526","5.186738","-.----","-1.278",,,,,,,,,,
"418.21","2038.566","5.186906","-.----","-1.278",,,,,,,,,,
"418.22","2038.542","5.187075","-.----","-1.278",,,,,,,,,,
"418.23","2038.503","5.187237","-.----","-1.278",,,,,,,,,,
"418.24","2038.519","5.1874","-.----","-1.278",,,,,,,,,,
"418.25","2038.566","5.187569","-.----","-1.278",,,,,,,,,,
"418.26","2038.638","5.187737","-.----","-1.278",,,,,,,,,,
"418.27","2038.67","5.187906","-.----","-1.278",,,,,,,,,,
"418.28","2038.67","5.188075","-.----","-1.278",,,,,,,,,,
"418.29","2038.662","5.188237","-.----","-1.278",,,,,,,,,,
"418.3","2038.646","5.188406","-.----","-1.278",,,,,,,,,,
"418.31","2038.646","5.188575","-.----","-1.278",,,,,,,,,,
"418.32","2038.622","5.188744","-.----","-1.278",,,,,,,,,,
"418.33","2038.574","5.188906","-.----","-1.278",,,,,,,,,,
"418.34","2038.542","5.189075","-.----","-1.278",,,,,,,,,,
"418.35","2038.519","5.189238","-.----","-1.278",,,,,,,,,,
"418.36","2038.495","5.189406","-.----","-1.278",,,,,,,,,,
"418.37","2038.503","5.189575","-.----","-1.278",,,,,,,,,,
"418.38","2038.598","5.189744","-.----","-1.278",,,,,,,,,,
"418.39","2038.717","5.189912","-.----","-1.278",,,,,,,,,,
"418.4","2038.813","5.190081","-.----","-1.278",,,,,,,,,,
"418.41","2038.876","5.190244","-.----","-1.278",,,,,,,,,,
"418.42","2038.892","5.190413","-.----","-1.278",,,,,,,,,,
"418.43","2038.9","5.190581","-.----","-1.278",,,,,,,,,,
"418.44","2038.972","5.190743","-.----","-1.278",,,,,,,,,,
"418.45","2039.083","5.190906","-.----","-1.278",,,,,,,,,,
"418.46","2039.154","5.191075","-.----","-1.278",,,,,,,,,,
"418.47","2039.178","5.191237","-.----","-1.278",,,,,,,,,,
"418.48","2039.13","5.191406","-.----","-1.278",,,,,,,,,,
"418.49","2039.035","5.191575","-.----","-1.278",,,,,,,,,,
"418.5","2038.972","5.191737","-.----","-1.278",,,,,,,,,,
"418.51","2039.011","5.1919","-.----","-1.278",,,,,,,,,,
"418.52","2039.067","5.192069","-.----","-1.278",,,,,,,,,,
"418.53","2039.091","5.192231","-.----","-1.278",,,,,,,,,,
"418.54","2039.019","5.1924","-.----","-1.278",,,,,,,,,,
"418.55","2038.964","5.192569","-.----","-1.278",,,,,,,,,,
"418.56","2038.972","5.192738","-.----","-1.278",,,,,,,,,,
"418.57","2039.091","5.192906","-.----","-1.278",,,,,,,,,,
"418.58","2039.226","5.193075","-.----","-1.278",,,,,,,,,,
"418.59","2039.289","5.193244","-.----","-1.278",,,,,,,,,,
"418.6","2039.25","5.193412","-.----","-1.278",,,,,,,,,,
"418.61","2039.186","5.193575","-.----","-1.278",,,,,,,,,,
"418.62","2039.178","5.193744","-.----","-1.278",,,,,,,,,,
"418.63","2037.04","5.193913","-.----","-1.278",,,,,,,,,,
"418.64","2037.16","5.194025","-.----","-1.278",,,,,,,,,,
"418.65","2037.255","5.194075","-.----","-1.278",,,,,,,,,,
